Test ID,Scenario,Run,Label,Minute,AP_RSSI,AP_Tx Rate,AP_Noise,AP_MCS,AP_Throughput,AP_FDR,Client_RSSI,Client_Tx Rate,Client_Noise,Client_MCS,Client_Throughput,Client_FDR,GoPing_Min,GoPing_Avg,GoPing_Max,GoPing_Std. Dev,GoPing_Loss
1,1,1,0,Min 00,-67,65,-95,MCS7,56.9,0.899049,-67,65,-95,MCS7,50.5,0.83747,1.57,656.1900823045,847.63,219.2311601311,0.12
2,1,1,0,Min 01,-68,65,-95,MCS7,56.9,0.897799,-68,65,-95,MCS7,54.1,0.874728,686.03,756.4922834646,852.07,32.2794103811,0
3,1,1,1,Min 02,-67,65,-95,MCS7,56.6,0.898497,-65,65,-95,MCS7,54.9,0.879888,263.66,443.3356884876,749,64.2852590601,0.01
4,1,1,0,Min 03,-67,65,-95,MCS7,56.9,0.897817,-65,65,-95,MCS7,54.1,0.880844,429.5,739.8773930754,839.23,66.2406047054,0
5,1,1,0,Min 04,-67,65,-95,MCS7,56.9,0.897296,-66,65,-95,MCS7,54.1,0.881103,669.32,759.0432043011,840.96,33.5630642137,0
6,1,1,0,Min 05,-68,65,-95,MCS7,57.2,0.897312,-65,65,-95,MCS7,54.1,0.88104,673.78,754.9780717489,859.03,32.5280426634,0
7,1,1,0,Min 06,-67,65,-95,MCS7,57.2,0.897105,-67,65,-95,MCS7,54.1,0.880739,670.7,757.4191144708,882.35,34.5624641818,0
8,1,1,0,Min 07,-68,65,-95,MCS7,56.9,0.897591,-67,65,-95,MCS7,54.1,0.880764,213.89,730.9727489177,861.71,93.8785977943,0.05
9,1,1,1,Min 08,-68,65,-95,MCS7,56.4,0.897995,-66,65,-95,MCS7,48.3,0.880624,272.28,415.3847575058,535.87,54.3183295209,0.01
10,1,1,0,Min 09,-67,65,-95,MCS7,55.8,0.897852,-67,65,-95,MCS7,51.8,0.879752,330.05,707.8898167539,855.21,130.3524003587,0
11,2,1,0,Min 00,-66,65,-95,MCS7,53.2,0.864264,-67,65,-95,MCS7,52.9,0.825961,1.49,670.5974031891,853.13,195.6007491952,0.03
12,2,1,0,Min 01,-67,65,-95,MCS7,56.9,0.89822,-66,65,-95,MCS7,53.2,0.852523,655.59,752.2681181619,876.88,34.4120231578,0
13,2,1,1,Min 02,-68,65,-95,MCS7,56.9,0.899656,-67,65,-95,MCS7,54.1,0.859496,202.85,412.9548373102,791.28,91.1682247861,0.03
14,2,1,0,Min 03,-67,65,-95,MCS7,53.7,0.899512,-66,65,-95,MCS7,54.1,0.868302,402.35,734.8956981982,858.11,77.5954354137,0
15,2,1,0,Min 04,-68,65,-95,MCS7,54.9,0.899202,-67,65,-95,MCS7,49.2,0.872176,673.31,758.560043573,873,33.2794526753,0
16,2,1,0,Min 05,-68,65,-95,MCS7,56.9,0.899382,-68,65,-95,MCS7,52.9,0.873901,673.94,757.3643404255,874.12,34.0674774137,0
17,2,1,0,Min 06,-68,65,-95,MCS7,56.9,0.898595,-68,65,-95,MCS7,51.1,0.874481,663.53,755.8313419913,854.46,34.0805727171,0
18,2,1,0,Min 07,-67,65,-95,MCS7,56.9,0.898477,-67,65,-95,MCS7,54.1,0.875361,200.16,736.8529313929,855.17,92.7357432875,0.04
19,2,1,1,Min 08,-67,65,-95,MCS7,53.4,0.898175,-65,65,-95,MCS7,51.1,0.875397,229.94,332.299258427,441.66,37.9928486605,0.01
20,2,1,0,Min 09,-67,65,-95,MCS7,55,0.898233,-66,65,-95,MCS7,50.8,0.876191,396.6,716.6332216495,845.63,89.3310371664,0
21,3,1,0,Min 00,-67,65,-95,MCS7,56.9,0.902586,-67,65,-95,MCS7,54.1,0.892868,1.56,652.0774291939,851.53,220.4291526679,0.12
22,3,1,0,Min 01,-68,65,-95,MCS7,55.5,0.90127,-67,65,-95,MCS7,54.1,0.869896,451,761.6831659389,983.49,43.9032019082,0
23,3,1,1,Min 02,-67,65,-95,MCS7,56.9,0.900967,-67,65,-95,MCS7,51.8,0.872321,177.53,279.716029106,740.03,47.177465764,0.04
24,3,1,0,Min 03,-67,65,-95,MCS7,57.2,0.900784,-67,65,-95,MCS7,54.1,0.879753,268.01,663.4891232227,841.2,170.5596229032,0
25,3,1,0,Min 04,-67,65,-95,MCS7,56.9,0.900476,-67,65,-95,MCS7,54.1,0.880001,676.91,761.3726122449,858.97,32.0348596559,0
26,3,1,0,Min 05,-67,65,-95,MCS7,56.9,0.899795,-68,65,-95,MCS7,54.1,0.880467,671.85,756.6750854701,870.38,33.8249630513,0
27,3,1,0,Min 06,-68,65,-95,MCS7,56.9,0.899428,-65,65,-95,MCS7,52.6,0.880551,678.98,758.1074252874,865.73,32.8109581119,0
28,3,1,0,Min 07,-67,65,-95,MCS7,56.9,0.899647,-65,65,-95,MCS7,54.1,0.880243,226.87,723.1615502183,834.99,128.4581037778,0.05
29,3,1,1,Min 08,-69,65,-95,MCS7,56.9,0.899597,-66,65,-95,MCS7,54.1,0.880175,203.73,285.506875,359.34,24.6887036698,0.01
30,3,1,0,Min 09,-67,65,-95,MCS7,57.2,0.899102,-68,65,-95,MCS7,54.9,0.88007,291.93,696.0482432432,858.07,146.597573124,0
31,4,1,0,Min 00,-67,65,-95,MCS7,56.9,0.899074,-66,65,-95,MCS7,52.9,0.873829,1.28,661.4168852459,849.58,216.4431644397,0.08
32,4,1,0,Min 01,-67,65,-95,MCS7,56.9,0.898131,-67,65,-95,MCS7,54.1,0.877866,676.14,754.7700840336,834.32,31.3717827905,0
33,4,1,1,Min 02,-68,65,-95,MCS7,51.4,0.899959,-68,65,-95,MCS7,44.4,0.881619,1.55,63.8749777778,751.79,81.3978505975,0.03
34,4,1,0,Min 03,-68,65,-95,MCS7,56.9,0.899966,-67,65,-95,MCS7,52.9,0.882682,290.46,746.0932346241,848.91,56.0202896128,0
35,4,1,0,Min 04,-67,65,-95,MCS7,56.9,0.900075,-66,65,-95,MCS7,54.1,0.882057,662.42,757.2941371681,888.71,35.6375500969,0
36,4,1,0,Min 05,-68,65,-95,MCS7,56.9,0.899264,-66,65,-95,MCS7,54.1,0.881717,674.93,753.3853684211,840.45,33.0827643156,0
37,4,1,0,Min 06,-67,65,-95,MCS7,53.5,0.899174,-67,65,-95,MCS7,54.1,0.881203,668.16,756.9566883117,853.12,32.9954705219,0
38,4,1,0,Min 07,-68,65,-95,MCS7,56.9,0.899319,-66,65,-95,MCS7,54.1,0.88098,51.43,699.7368487395,869.29,194.6430952117,0.03
39,4,1,1,Min 08,-67,65,-95,MCS7,35,0.899279,-68,65,-95,MCS7,35,0.881017,1.33,100.3319213974,714.13,152.7279890295,0
40,4,1,0,Min 09,-67,65,-95,MCS7,56.9,0.901288,-67,65,-95,MCS7,54.9,0.881893,665.72,752.9165885417,841.04,33.6964504201,0
41,5,1,0,Min 00,-67,65,-95,MCS7,56.9,0.864634,-66,65,-95,MCS7,54.1,0.831099,1.59,666.3745011086,865.59,214.468930318,0.05
42,5,1,0,Min 01,-67,65,-95,MCS7,56.9,0.897017,-67,65,-95,MCS7,51.1,0.867088,658.21,757.5750542299,872.05,33.9703706461,0
43,5,1,1,Min 02,-67,65,-95,MCS7,35,0.897873,-67,65,-95,MCS7,35,0.876161,1.53,96.2233406593,786.76,106.0004714101,0
44,5,1,0,Min 03,-68,65,-95,MCS7,56.9,0.909866,-68,65,-95,MCS7,54.1,0.890448,170.21,736.238495935,855.75,80.1482433086,0
45,5,1,0,Min 04,-67,65,-95,MCS7,56.9,0.907094,-67,65,-95,MCS7,51.2,0.888391,680.26,758.9107692308,844.4,32.3991128565,0
46,5,1,0,Min 05,-67,65,-95,MCS7,57.2,0.905919,-67,65,-95,MCS7,54.9,0.887901,658.34,750.8461073826,851.41,33.6544583318,0
47,5,1,0,Min 06,-68,65,-95,MCS7,56.9,0.904974,-65,65,-95,MCS7,54.1,0.88691,675.69,757.787881549,843.09,31.9003076202,0
48,5,1,0,Min 07,-67,65,-95,MCS7,57.2,0.904008,-66,65,-95,MCS7,52,0.885825,150.42,696.6222199593,851.31,182.9289863488,0
49,5,1,1,Min 08,-67,65,-95,MCS7,35,0.90383,-67,65,-95,MCS7,35,0.886219,1.58,201.325426009,832.17,159.6859380486,0
50,5,1,0,Min 09,-68,65,-95,MCS7,57.2,0.905686,-66,65,-95,MCS7,54.1,0.888144,686.99,755.3773047859,860.03,32.3044284857,0
51,1,2,0,Min 00,-69,65,-95,MCS7,56.3,0.89695,-67,65,-95,MCS7,54.9,0.879715,20.38,662.4282315789,856.76,204.1551612337,0.09
52,1,2,0,Min 01,-67,65,-95,MCS7,56.9,0.89689,-65,65,-95,MCS7,49.5,0.882977,644.43,757.4470526316,877.51,35.6001308299,0
53,1,2,1,Min 02,-68,65,-95,MCS7,56.9,0.89877,-66,65,-95,MCS7,54.1,0.884683,238.88,461.5329662921,809.88,70.0145219525,0.03
54,1,2,0,Min 03,-68,65,-95,MCS7,56.9,0.898498,-66,65,-95,MCS7,49.7,0.885225,364.35,711.364183908,839.19,89.4252888348,0
55,1,2,0,Min 04,-67,65,-95,MCS7,57.2,0.898856,-67,65,-95,MCS7,50.9,0.885436,679.24,755.1956932773,840.55,31.3808302719,0
56,1,2,0,Min 05,-67,65,-95,MCS7,56.9,0.899359,-66,65,-95,MCS7,54.1,0.884032,658.6,756.2291759465,848.19,33.7213845759,0
57,1,2,0,Min 06,-67,65,-95,MCS7,57.2,0.899218,-67,65,-95,MCS7,54.1,0.883266,669.28,758.9126260504,850.58,33.1367972434,0
58,1,2,0,Min 07,-66,65,-95,MCS7,56.9,0.899283,-65,65,-95,MCS7,54.1,0.883398,361.29,733.8303648069,871.67,84.8918234338,0.03
59,1,2,1,Min 08,-67,65,-95,MCS7,56.9,0.899362,-67,65,-95,MCS7,54.1,0.883671,262.56,411.6836161616,539.6,48.4291288802,0.02
60,1,2,0,Min 09,-69,65,-95,MCS7,55,0.898913,-67,65,-95,MCS7,48.3,0.882964,458.87,746.1119700748,857.13,66.5972795934,0
61,2,2,0,Min 00,-67,65,-95,MCS7,56.9,0.897526,-68,65,-95,MCS7,52.9,0.831324,1.48,646.0814945055,878.91,231.2174365929,0.08
62,2,2,0,Min 01,-69,65,-95,MCS7,50.5,0.895307,-67,65,-95,MCS7,54.1,0.864413,668.64,759.8615505618,858.36,35.6063115359,0
63,2,2,1,Min 02,-67,65,-95,MCS7,54.4,0.896384,-67,65,-95,MCS7,52.7,0.87468,298.44,419.3781380753,571.92,46.9228755812,0.02
64,2,2,0,Min 03,-67,65,-95,MCS7,57.2,0.89633,-67,65,-95,MCS7,54.1,0.877265,368.56,688.5044558522,861.46,130.961506651,0
65,2,2,0,Min 04,-68,65,-95,MCS7,56.6,0.895985,-68,65,-95,MCS7,54.1,0.877573,679.54,756.98234714,882.03,31.8759354338,0
66,2,2,0,Min 05,-68,65,-95,MCS7,56.9,0.896296,-68,65,-95,MCS7,54.1,0.878382,672.63,755.1806557377,906.51,33.4324201761,0
67,2,2,0,Min 06,-67,65,-95,MCS7,56.9,0.896997,-65,65,-95,MCS7,54.1,0.878408,636.91,762.4684598214,853.86,33.6227510877,0
68,2,2,0,Min 07,-67,65,-95,MCS7,56.6,0.89637,-68,65,-95,MCS7,52.7,0.87834,247.07,714.281622807,863.41,139.1497042488,0.05
69,2,2,1,Min 08,-69,65,-95,MCS7,56.9,0.896273,-66,65,-95,MCS7,54.1,0.878615,259.49,355.6456363636,537.62,40.9835293752,0.01
70,2,2,0,Min 09,-68,65,-95,MCS7,56.9,0.896485,-67,65,-95,MCS7,54.1,0.87852,545.14,748.0557300275,921.81,43.2594959171,0
71,3,2,0,Min 00,-68,65,-95,MCS7,54.7,0.890904,-67,65,-95,MCS7,54.9,0.819813,1.56,637.3460171306,866.35,233.8763306651,0.12
72,3,2,0,Min 01,-68,65,-95,MCS7,57.2,0.895988,-65,65,-95,MCS7,53.4,0.874949,667.13,754.4696936543,853.81,34.4359993546,0
73,3,2,1,Min 02,-69,65,-95,MCS7,56.9,0.898382,-67,65,-95,MCS7,54.1,0.877586,151.66,290.9142731278,761.1,61.2484234214,0.04
74,3,2,0,Min 03,-67,65,-95,MCS7,56.9,0.898542,-68,65,-95,MCS7,54.1,0.878925,199.41,652.2493181818,844.78,197.7311942259,0
75,3,2,0,Min 04,-67,65,-95,MCS7,56.9,0.8989,-68,65,-95,MCS7,54.1,0.880087,660.88,756.3415835141,993.67,35.2813148775,0
76,3,2,0,Min 05,-68,65,-95,MCS7,56.9,0.89891,-68,65,-95,MCS7,48.9,0.87986,666.35,758.4018580376,853.5,32.1555589874,0
77,3,2,0,Min 06,-67,65,-95,MCS7,56.9,0.898609,-68,65,-95,MCS7,49.4,0.879668,672.9,757.3319612069,852.47,33.4764744246,0
78,3,2,0,Min 07,-68,65,-95,MCS7,56.9,0.898926,-68,65,-95,MCS7,54.1,0.880639,96.59,711.5559751037,842.71,148.2353603611,0.07
79,3,2,1,Min 08,-67,65,-95,MCS7,56.9,0.899246,-67,65,-95,MCS7,54.1,0.880951,111.04,267.3033695652,368.05,35.2862861857,0
80,3,2,0,Min 09,-67,65,-95,MCS7,56.9,0.899127,-66,65,-95,MCS7,54.1,0.881326,252.59,688.6788743456,857.54,155.4032777254,0
81,4,2,0,Min 00,-67,65,-95,MCS7,56.6,0.896284,-67,65,-95,MCS7,51.5,0.854809,18.3,652.4756521739,850.16,203.6750132686,0.09
82,4,2,0,Min 01,-68,65,-95,MCS7,56.9,0.901857,-66,65,-95,MCS7,50.9,0.877906,659.93,753.4745353982,874.89,34.7426551289,0
83,4,2,1,Min 02,-67,65,-95,MCS7,52.9,0.900911,-67,65,-95,MCS7,44.4,0.877712,1.5,59.8394642857,493.84,52.0286255274,0
84,4,2,0,Min 03,-68,65,-95,MCS7,56.9,0.901038,-67,65,-95,MCS7,51.7,0.880885,507.5,739.8535745614,870.42,49.4872820113,0
85,4,2,0,Min 04,-69,65,-95,MCS7,54,0.900669,-65,65,-95,MCS7,54.1,0.880898,671.93,756.7753982301,866.66,34.5195800545,0
86,4,2,0,Min 05,-68,65,-95,MCS7,56.9,0.900003,-68,65,-95,MCS7,48.9,0.880123,663.12,756.1513608247,844.83,33.758678081,0
87,4,2,0,Min 06,-67,65,-95,MCS7,55.9,0.89971,-67,65,-95,MCS7,50.9,0.880129,673.89,754.253697479,838.97,33.0002758994,0
88,4,2,0,Min 07,-68,65,-95,MCS7,56.7,0.899772,-66,65,-95,MCS7,55.6,0.880289,52.11,689.1383488372,843.68,198.420697109,0.02
89,4,2,1,Min 08,-68,65,-95,MCS7,35,0.900301,-67,65,-95,MCS7,35,0.880346,1.44,125.5066028708,784.04,197.2555363956,0
90,4,2,0,Min 09,-66,65,-95,MCS7,56.9,0.90174,-66,65,-95,MCS7,50.9,0.881054,672.55,755.8376781003,840.87,32.8614139862,0
91,5,2,0,Min 00,-67,65,-95,MCS7,56.9,0.897196,-67,65,-95,MCS7,50.9,0.882718,1.63,678.3185350318,851.75,185.0849024085,0.03
92,5,2,0,Min 01,-68,65,-95,MCS7,57.2,0.89952,-67,65,-95,MCS7,54.9,0.866588,429.68,756.8649358974,1035.11,51.1258424522,0
93,5,2,1,Min 02,-67,65,-95,MCS7,35,0.901475,-67,65,-95,MCS7,35,0.870604,1.54,86.8218930958,755.89,71.4312909183,0
94,5,2,0,Min 03,-67,65,-95,MCS7,56.9,0.911389,-66,65,-95,MCS7,50.9,0.886903,292.29,742.0543418468,858.16,57.1517490086,0
95,5,2,0,Min 04,-67,65,-95,MCS7,56.9,0.908574,-66,65,-95,MCS7,54.1,0.886204,666.65,752.3853473684,848.05,34.5282938386,0
96,5,2,0,Min 05,-67,65,-95,MCS7,56.9,0.907258,-67,65,-95,MCS7,54.1,0.885936,666.98,751.8705217391,834.66,31.4079990806,0
97,5,2,0,Min 06,-69,65,-95,MCS7,56.9,0.906472,-65,65,-95,MCS7,52.6,0.885875,678.81,754.0179333333,856.26,31.5757272381,0
98,5,2,0,Min 07,-68,65,-95,MCS7,56.9,0.905683,-67,65,-95,MCS7,48,0.8849,150.49,700.6759465021,849.86,176.7787785194,0
99,5,2,1,Min 08,-67,65,-95,MCS7,35,0.905416,-67,65,-95,MCS7,35,0.884736,1.35,189.4348033126,844.72,144.7422292064,0.01
100,5,2,0,Min 09,-66,65,-95,MCS7,35,0.906852,-67,65,-95,MCS7,52.6,0.887123,550.61,752.0451231527,843.52,34.7220257371,0
101,1,3,0,Min 00,-66,65,-95,MCS7,57.2,0.882077,-67,65,-95,MCS7,54.1,0.851979,1.4,645.4405769231,848.09,225.7902637109,0.12
102,1,3,0,Min 01,-67,65,-95,MCS7,54.7,0.896738,-67,65,-95,MCS7,54.3,0.869139,656.83,756.5875890985,837.83,32.2352008892,0
103,1,3,1,Min 02,-67,65,-95,MCS7,56.9,0.896792,-67,65,-95,MCS7,54.1,0.874386,158.91,447.1184468085,695.12,55.2582663878,0.05
104,1,3,0,Min 03,-67,65,-95,MCS7,54.6,0.897271,-65,65,-95,MCS7,52,0.879975,357.55,692.7938053097,886.62,129.5628468119,0
105,1,3,0,Min 04,-68,65,-95,MCS7,54.1,0.897969,-67,65,-95,MCS7,49.4,0.881,663.23,758.1652978723,845.59,34.6367459932,0
106,1,3,0,Min 05,-68,65,-95,MCS7,56.9,0.897859,-67,65,-95,MCS7,54.1,0.88124,674.1,756.9204100228,864.84,33.1988949142,0
107,1,3,0,Min 06,-67,65,-95,MCS7,56.9,0.897928,-66,65,-95,MCS7,54.1,0.881063,647.92,753.0853448276,837.42,31.2097654487,0
108,1,3,0,Min 07,-67,65,-95,MCS7,56.9,0.898481,-65,65,-95,MCS7,54.1,0.88145,279.64,730.6753894737,852.27,87.2738472553,0.02
109,1,3,1,Min 08,-68,65,-95,MCS7,57.2,0.898482,-67,65,-95,MCS7,52.9,0.882491,266.41,466.5940091116,673.77,54.6760764136,0.01
110,1,3,0,Min 09,-67,65,-95,MCS7,56.9,0.898343,-68,65,-95,MCS7,54.1,0.882145,642.23,758.9910054348,872.32,35.2523043777,0
111,2,3,0,Min 00,-67,65,-95,MCS7,57.2,0.889052,-67,65,-95,MCS7,54.9,0.873069,1.55,657.1389342404,836.32,204.8884522653,0.09
112,2,3,0,Min 01,-69,65,-95,MCS7,54.1,0.893702,-66,65,-95,MCS7,54.1,0.880317,445.76,749.774612069,854.43,50.1121701426,0
113,2,3,1,Min 02,-67,65,-95,MCS7,56.9,0.895839,-67,65,-95,MCS7,51.5,0.883178,273.1,415.2000429185,544.28,55.3165252843,0.01
114,2,3,0,Min 03,-68,65,-95,MCS7,57.2,0.896259,-67,65,-95,MCS7,50.8,0.88133,357.25,704.6320886076,851.86,122.2265067797,0
115,2,3,0,Min 04,-67,65,-95,MCS7,56.9,0.896226,-66,65,-95,MCS7,54.1,0.881147,651.18,757.3642982456,872.33,34.6078450433,0
116,2,3,0,Min 05,-67,65,-95,MCS7,56.9,0.896985,-67,65,-95,MCS7,54.1,0.882033,668.76,754.332244898,882.95,31.874345891,0
117,2,3,0,Min 06,-67,65,-95,MCS7,57.2,0.897669,-67,65,-95,MCS7,52.9,0.882164,665.52,755.8325211864,828.31,32.9456527153,0
118,2,3,0,Min 07,-68,65,-95,MCS7,53.8,0.897978,-67,65,-95,MCS7,51.5,0.882044,233.51,705.9106136364,836.77,142.2188231687,0.06
119,2,3,1,Min 08,-68,65,-95,MCS7,56.9,0.898004,-68,65,-95,MCS7,50.5,0.882696,223.03,348.9381818182,498.01,39.3620251219,0
120,2,3,0,Min 09,-67,65,-95,MCS7,56.1,0.898463,-67,65,-95,MCS7,53.7,0.883164,492.87,729.074386921,869.57,58.6851375295,0
121,3,3,0,Min 00,-67,65,-95,MCS7,56.9,0.896586,-67,65,-95,MCS7,54.9,0.861986,1.56,650.4672972973,847.08,224.5027910637,0.06
122,3,3,0,Min 01,-67,65,-95,MCS7,56.9,0.897667,-68,65,-95,MCS7,54.1,0.859745,340.78,751.619688196,843.49,44.3711020084,0.01
123,3,3,1,Min 02,-67,65,-95,MCS7,57.2,0.898952,-67,65,-95,MCS7,50.8,0.864857,168.74,281.4069978858,359.86,35.8457431884,0.02
124,3,3,0,Min 03,-68,65,-95,MCS7,57.2,0.898272,-67,65,-95,MCS7,50.3,0.869415,262.34,683.605,847,145.1202826427,0
125,3,3,0,Min 04,-69,65,-95,MCS7,56.9,0.898703,-67,65,-95,MCS7,54.1,0.872043,641.34,754.4426122449,852.95,34.0170876465,0
126,3,3,0,Min 05,-69,65,-95,MCS7,56.9,0.898276,-65,65,-95,MCS7,54.9,0.874344,678.92,756.4913684211,877,35.4783918466,0
127,3,3,0,Min 06,-67,65,-95,MCS7,56.9,0.898355,-65,65,-95,MCS7,54.1,0.875827,656.51,752.3008067941,846.63,34.2095744502,0
128,3,3,0,Min 07,-66,65,-95,MCS7,55.9,0.898632,-66,65,-95,MCS7,52.9,0.877772,31.86,715.2385115304,869.84,147.7410033035,0.04
129,3,3,1,Min 08,-68,65,-95,MCS7,56.9,0.898614,-65,65,-95,MCS7,51.4,0.877806,187.77,277.5651124744,373.52,29.1384485672,0
130,3,3,0,Min 09,-67,65,-95,MCS7,56.9,0.898293,-67,65,-95,MCS7,52.4,0.878263,248.9,686.2542779292,845.63,159.304197541,0
131,4,3,0,Min 00,-68,65,-95,MCS7,57.2,0.859914,-67,65,-95,MCS7,54.1,0.888742,3.12,631.1052369668,853.17,238.8358671241,0.1
132,4,3,0,Min 01,-68,65,-95,MCS7,56.9,0.896533,-68,65,-95,MCS7,52.9,0.884,682.01,759.001069869,860.66,33.386986717,0
133,4,3,1,Min 02,-67,65,-95,MCS7,51.4,0.897402,-67,65,-95,MCS7,43.6,0.883896,1.62,67.5957084189,751.56,86.9446290592,0.04
134,4,3,0,Min 03,-67,65,-95,MCS7,56.7,0.897851,-66,65,-95,MCS7,48.3,0.883947,323.53,741.558389662,855.72,63.1656959931,0
135,4,3,0,Min 04,-68,65,-95,MCS7,56.9,0.897809,-68,65,-95,MCS7,54.1,0.882518,648.84,754.5246547884,843.99,33.8904911923,0
136,4,3,0,Min 05,-67,65,-95,MCS7,56.9,0.898189,-67,65,-95,MCS7,54.1,0.882543,682.9,754.1715081207,846.28,32.2320973644,0
137,4,3,0,Min 06,-67,65,-95,MCS7,57.2,0.898482,-67,65,-95,MCS7,54.9,0.881622,674.6,757.7055532359,849.77,31.9006265352,0
138,4,3,0,Min 07,-69,65,-95,MCS7,56.9,0.899057,-67,65,-95,MCS7,54.9,0.881665,51.99,695.8295414847,854.19,188.8650261823,0.04
139,4,3,1,Min 08,-68,65,-95,MCS7,35,0.899182,-67,65,-95,MCS7,35,0.881645,1.4,112.1595238095,739.99,176.6881813231,0
140,4,3,0,Min 09,-68,65,-95,MCS7,57.2,0.901025,-67,65,-95,MCS7,54.1,0.882507,678.11,753.8675263158,850.81,33.4054420667,0
141,5,3,0,Min 00,-68,65,-95,MCS7,56.9,0.904734,-67,65,-95,MCS7,54.9,0.844819,1.5,647.4966457023,891.67,222.6386316995,0.09
142,5,3,0,Min 01,-68,65,-95,MCS7,56.6,0.903369,-67,65,-95,MCS7,54.1,0.848969,76.4,748.1136051502,850.17,65.5759853842,0.01
143,5,3,1,Min 02,-67,65,-95,MCS7,35,0.902875,-67,65,-95,MCS7,35,0.868777,1.62,80.8956,493.36,38.7932574853,0.01
144,5,3,0,Min 03,-67,65,-95,MCS7,57.2,0.91211,-65,65,-95,MCS7,54.1,0.88752,572.98,747.2147071584,845.98,44.5443922787,0
145,5,3,0,Min 04,-66,65,-95,MCS7,55,0.909081,-67,65,-95,MCS7,54.1,0.886475,675.43,757.8114853556,848.77,33.1095647371,0
146,5,3,0,Min 05,-67,65,-95,MCS7,53.1,0.906825,-67,65,-95,MCS7,54.1,0.884835,673.02,758.7814164905,876.85,34.8087967227,0
147,5,3,0,Min 06,-68,65,-95,MCS7,56.9,0.905694,-67,65,-95,MCS7,54.1,0.883998,677.22,758.1850209205,849.05,32.2171912433,0
148,5,3,0,Min 07,-67,65,-95,MCS7,56.9,0.904765,-67,65,-95,MCS7,50,0.883662,150.58,685.5055384615,844.88,195.2621946756,0
149,5,3,1,Min 08,-67,65,-95,MCS7,35,0.904711,-67,65,-95,MCS7,35,0.883835,1.54,202.9484143763,808.5,167.3131423303,0
150,5,3,0,Min 09,-67,65,-95,MCS7,57.2,0.905933,-66,65,-95,MCS7,49.5,0.886723,637.66,761.4532865169,863.82,33.4602023395,0
151,1,4,0,Min 00,-68,65,-95,MCS7,56.9,0.894734,-67,65,-95,MCS7,52.9,0.8806,1.45,652.2489937107,891.03,214.3492298609,0.12
152,1,4,0,Min 01,-67,65,-95,MCS7,56.9,0.899835,-67,65,-95,MCS7,48.9,0.855786,542.6,750.5467634855,948.91,43.9249891389,0
153,1,4,1,Min 02,-67,65,-95,MCS7,54.9,0.902374,-66,65,-95,MCS7,48.9,0.861847,153.69,402.55408,755.71,68.2808785602,0.06
154,1,4,0,Min 03,-67,65,-95,MCS7,56.9,0.901435,-66,65,-95,MCS7,54.1,0.862092,407.77,696.8747589099,850.13,113.6493907591,0
155,1,4,0,Min 04,-67,65,-95,MCS7,55.6,0.900511,-67,65,-95,MCS7,54.1,0.866502,658.97,755.7534151786,876.36,33.9626674596,0
156,1,4,0,Min 05,-68,65,-95,MCS7,56.9,0.899838,-67,65,-95,MCS7,52.9,0.868081,670.63,755.8711946903,836.22,32.3996995218,0
157,1,4,0,Min 06,-67,65,-95,MCS7,56.9,0.900088,-67,65,-95,MCS7,54.9,0.870265,662.14,756.3527835052,851.64,34.7189292005,0
158,1,4,0,Min 07,-67,65,-95,MCS7,52.1,0.90007,-65,65,-95,MCS7,50,0.872849,207.3,728.0311,855.85,100.0715673415,0.03
159,1,4,1,Min 08,-68,65,-95,MCS7,55.2,0.899516,-68,65,-95,MCS7,50.6,0.873429,294.93,420.0413157895,549.79,44.8756549043,0.01
160,1,4,0,Min 09,-67,65,-95,MCS7,55.9,0.899322,-65,65,-95,MCS7,54.1,0.87493,467.69,722.6524456522,833.81,85.079418758,0
161,2,4,0,Min 00,-66,65,-95,MCS7,56.9,0.89168,-66,65,-95,MCS7,54.1,0.848847,1.5,638.7917299578,909.56,236.2367052218,0.06
162,2,4,0,Min 01,-67,65,-95,MCS7,56.9,0.893861,-67,65,-95,MCS7,52.3,0.881112,675.68,757.2404615385,840.28,32.2591180944,0
163,2,4,1,Min 02,-68,65,-95,MCS7,56.9,0.895135,-68,65,-95,MCS7,52.9,0.884751,167.91,419.8246218487,816.71,77.3362917654,0.06
164,2,4,0,Min 03,-68,65,-95,MCS7,55.2,0.895002,-67,65,-95,MCS7,54.1,0.885188,337.61,693.0419594595,875.53,131.6448870006,0
165,2,4,0,Min 04,-67,65,-95,MCS7,56.9,0.895588,-67,65,-95,MCS7,51.7,0.885307,671.01,755.2687068966,839.1,32.0274242273,0
166,2,4,0,Min 05,-67,65,-95,MCS7,57.2,0.89638,-66,65,-95,MCS7,52.9,0.885224,673.39,752.2437316562,856.5,32.8300691018,0
167,2,4,0,Min 06,-68,65,-95,MCS7,55.9,0.897995,-68,65,-95,MCS7,52.9,0.886448,661.47,753.7426262626,847.55,34.5682831914,0
168,2,4,0,Min 07,-67,65,-95,MCS7,57.2,0.897823,-66,65,-95,MCS7,54.1,0.885567,144.63,733.9348360656,855.52,114.2805812426,0.06
169,2,4,1,Min 08,-68,65,-95,MCS7,52,0.897349,-65,65,-95,MCS7,52.9,0.885164,250.06,331.5809302326,431.92,33.6837942035,0
170,2,4,0,Min 09,-68,65,-95,MCS7,57.2,0.897283,-67,65,-95,MCS7,53.2,0.884836,314.04,686.1708866995,844.04,146.0394155554,0
171,3,4,0,Min 00,-67,65,-95,MCS7,56.9,0.904243,-67,65,-95,MCS7,54.1,0.850546,9.98,676.3440384615,868.77,178.5242296638,0.06
172,3,4,0,Min 01,-67,65,-95,MCS7,56.9,0.899158,-68,65,-95,MCS7,54.1,0.870527,660.6,758.3601284797,861.47,34.8007381531,0
173,3,4,1,Min 02,-67,65,-95,MCS7,56.7,0.898926,-67,65,-95,MCS7,49.8,0.875185,142.41,289.9639285714,791.93,69.998448664,0.07
174,3,4,0,Min 03,-67,65,-95,MCS7,55,0.898416,-67,65,-95,MCS7,50.3,0.879606,173.58,647.4715625,868.57,210.7443986689,0
175,3,4,0,Min 04,-66,65,-95,MCS7,56.9,0.898392,-65,65,-95,MCS7,54.1,0.879338,647.95,755.2772258065,848,31.8491086056,0
176,3,4,0,Min 05,-69,65,-95,MCS7,56.9,0.89854,-67,65,-95,MCS7,54.1,0.879757,680.73,757.7150630252,844.91,32.8795221671,0
177,3,4,0,Min 06,-67,65,-95,MCS7,57.2,0.898283,-67,65,-95,MCS7,52.9,0.88028,665.02,755.8932537961,853.62,34.3067631854,0
178,3,4,0,Min 07,-67,65,-95,MCS7,56.9,0.897797,-67,65,-95,MCS7,54.9,0.880877,123.63,729.205361991,849.72,129.9205730697,0.01
179,3,4,1,Min 08,-67,65,-95,MCS7,56.9,0.897673,-66,65,-95,MCS7,52.9,0.880805,162.88,269.2884439834,356.2,37.3755242024,0
180,3,4,0,Min 09,-67,65,-95,MCS7,56.9,0.897434,-67,65,-95,MCS7,54.1,0.880937,315.74,695.3996029777,843,134.4398988039,0
181,4,4,0,Min 00,-68,65,-95,MCS7,56.9,0.89491,-67,65,-95,MCS7,48.9,0.87509,1.49,644.6985350318,976.81,227.2952525842,0.09
182,4,4,0,Min 01,-67,65,-95,MCS7,56.9,0.899167,-68,65,-95,MCS7,54.9,0.88215,645.24,756.1226838966,869.86,35.5597928138,0
183,4,4,1,Min 02,-67,65,-95,MCS7,51.4,0.899484,-67,65,-95,MCS7,44.4,0.882278,1.62,61.2945598194,444.58,61.0661442667,0.01
184,4,4,0,Min 03,-69,65,-95,MCS7,57.2,0.89977,-67,65,-95,MCS7,54.1,0.88416,514.62,739.2846532438,821.35,49.5576070892,0
185,4,4,0,Min 04,-67,65,-95,MCS7,57.2,0.899633,-67,65,-95,MCS7,54.1,0.88347,637.19,754.1630066815,839.89,33.3022651651,0
186,4,4,0,Min 05,-67,65,-95,MCS7,56.7,0.899483,-67,65,-95,MCS7,52.9,0.882884,667.75,756.1122379032,846.47,33.0824959265,0
187,4,4,0,Min 06,-68,65,-95,MCS7,56.9,0.899045,-65,65,-95,MCS7,54.1,0.882852,670,756.6919917012,870.31,35.0191844603,0
188,4,4,0,Min 07,-68,65,-95,MCS7,56.6,0.899036,-67,65,-95,MCS7,54.1,0.881665,51.78,673.5958405172,847.41,225.8605664714,0.02
189,4,4,1,Min 08,-68,65,-95,MCS7,35,0.898821,-67,65,-95,MCS7,34,0.881853,51.58,109.7005700713,783.46,167.0200853814,0
190,4,4,0,Min 09,-67,65,-95,MCS7,56.9,0.900271,-66,65,-95,MCS7,52.4,0.88242,678.53,753.4622253521,842.08,32.5109300945,0
191,5,4,0,Min 00,-68,65,-95,MCS7,56.9,0.894909,-67,65,-95,MCS7,48.3,0.862329,1.17,625.4906912442,854.06,241.6069376245,0.11
192,5,4,0,Min 01,-67,65,-95,MCS7,56.9,0.896419,-67,65,-95,MCS7,54.9,0.872661,667.34,754.8103448276,855.99,33.7145977652,0
193,5,4,1,Min 02,-67,65,-95,MCS7,35,0.898233,-67,65,-95,MCS7,35,0.880273,1.57,89.6255507559,767.21,81.5548191185,0
194,5,4,0,Min 03,-67,65,-95,MCS7,57.2,0.91052,-66,65,-95,MCS7,49.4,0.891032,287.38,738.4727331887,868.29,58.0326347105,0
195,5,4,0,Min 04,-67,65,-95,MCS7,57.2,0.908398,-67,65,-95,MCS7,52.9,0.890031,667.16,753.048608137,868.08,32.8855356863,0
196,5,4,0,Min 05,-67,65,-95,MCS7,56.9,0.907481,-67,65,-95,MCS7,54.9,0.889891,424.52,755.5212164948,1048.66,46.5687167856,0
197,5,4,0,Min 06,-68,65,-95,MCS7,56.9,0.90557,-65,65,-95,MCS7,54.9,0.889413,665.74,753.8187831858,849.62,35.4525271648,0
198,5,4,0,Min 07,-67,65,-95,MCS7,56.9,0.904955,-66,65,-95,MCS7,54.1,0.888524,150.64,698.0253617021,859.18,176.4753710361,0
199,5,4,1,Min 08,-67,65,-95,MCS7,35,0.904923,-67,65,-95,MCS7,35,0.888787,1.62,204.0063368421,837.4,167.3736493178,0.02
200,5,4,0,Min 09,-67,65,-95,MCS7,56.9,0.906691,-67,65,-95,MCS7,54.1,0.891582,672.4,753.7848901099,849.59,32.9778092429,0
201,1,5,0,Min 00,-67,65,-95,MCS7,56.9,0.898458,-68,65,-95,MCS7,49.8,0.840359,1.1,647.7517938144,876.77,221.6942492757,0.1
202,1,5,0,Min 01,-68,65,-95,MCS7,57.2,0.903002,-67,65,-95,MCS7,54.1,0.847455,677.08,755.0690871369,865.9,30.9992882397,0
203,1,5,1,Min 02,-68,65,-95,MCS7,56.6,0.901586,-67,65,-95,MCS7,54.1,0.860602,177.72,431.0656567797,677.73,62.2470432385,0.01
204,1,5,0,Min 03,-66,65,-95,MCS7,56.9,0.902051,-68,65,-95,MCS7,54.1,0.868005,407.48,701.9052401747,866.01,100.6296790306,0
205,1,5,0,Min 04,-67,65,-95,MCS7,56.9,0.901108,-67,65,-95,MCS7,54.1,0.871363,657.09,753.109321663,838.11,34.169773957,0
206,1,5,0,Min 05,-67,65,-95,MCS7,56.9,0.900824,-67,65,-95,MCS7,54.1,0.872491,665.31,753.7046511628,832.9,32.3237101716,0
207,1,5,0,Min 06,-67,65,-95,MCS7,56.7,0.900544,-65,65,-95,MCS7,52.9,0.871554,661.32,758.399916318,844.65,33.4574410795,0
208,1,5,0,Min 07,-67,65,-95,MCS7,56.9,0.900445,-68,65,-95,MCS7,54.1,0.874402,277.55,709.614967033,898.71,112.1716225301,0.03
209,1,5,1,Min 08,-67,65,-95,MCS7,56.9,0.900242,-67,65,-95,MCS7,48.9,0.875031,272.41,440.7147628866,541.62,44.807028027,0.03
210,1,5,0,Min 09,-67,65,-95,MCS7,56.9,0.899979,-68,65,-95,MCS7,49.8,0.875603,441.5,720.7083957219,842.62,89.5093613698,0
211,2,5,0,Min 00,-66,65,-95,MCS7,53.8,0.890654,-67,65,-95,MCS7,54,0.85761,25.34,667.1203153153,874.96,193.9423887079,0.09
212,2,5,0,Min 01,-67,65,-95,MCS7,57.2,0.901638,-66,65,-95,MCS7,54.1,0.870985,670.26,754.3051473923,829.79,31.4346437069,0
213,2,5,1,Min 02,-66,65,-95,MCS7,56.6,0.900295,-67,65,-95,MCS7,49.4,0.876566,271.56,396.549954955,768.59,73.0985046741,0.01
214,2,5,0,Min 03,-69,65,-95,MCS7,56.9,0.899499,-68,65,-95,MCS7,54.9,0.87936,372.27,692.7451293103,827.09,121.3340629817,0
215,2,5,0,Min 04,-67,65,-95,MCS7,56.9,0.899072,-68,65,-95,MCS7,54.1,0.879461,663.94,757.8189519651,869.88,32.4258197196,0
216,2,5,0,Min 05,-67,65,-95,MCS7,56.9,0.899272,-66,65,-95,MCS7,51.4,0.879877,679.93,754.3426304802,892.04,33.5223866958,0
217,2,5,0,Min 06,-67,65,-95,MCS7,57.2,0.899331,-67,65,-95,MCS7,54,0.878665,663.77,753.4386680761,838.97,32.8487438905,0
218,2,5,0,Min 07,-67,65,-95,MCS7,57.2,0.899633,-65,65,-95,MCS7,54.9,0.88011,55.86,716.1261764706,852.83,127.508700244,0.06
219,2,5,1,Min 08,-68,65,-95,MCS7,56.9,0.899836,-67,65,-95,MCS7,54.1,0.880138,204.92,332.6251639344,467.99,43.8190409055,0
220,2,5,0,Min 09,-68,65,-95,MCS7,56.9,0.899231,-68,65,-95,MCS7,50.2,0.880351,304.81,700.8447683924,847.29,133.8889298165,0
221,3,5,0,Min 00,-68,65,-95,MCS7,48.8,0.895773,-66,65,-95,MCS7,54.1,0.858753,1.61,669.2896041667,852.9,196.8143188379,0.03
222,3,5,0,Min 01,-68,65,-95,MCS7,57.2,0.898503,-68,65,-95,MCS7,51.5,0.873352,682.61,759.3989823009,869.8,33.7790115928,0
223,3,5,1,Min 02,-67,65,-95,MCS7,56.9,0.898764,-67,65,-95,MCS7,54.9,0.879483,72.73,291.3918052738,766.45,73.0279632165,0.04
224,3,5,0,Min 03,-67,65,-95,MCS7,56.9,0.897344,-68,65,-95,MCS7,52.1,0.880752,209.9,642.7616335541,848.54,199.2915392658,0
225,3,5,0,Min 04,-67,65,-95,MCS7,54.9,0.89799,-67,65,-95,MCS7,54.1,0.880744,668.56,762.1629661017,872.49,33.362838343,0
226,3,5,0,Min 05,-67,65,-95,MCS7,56.9,0.897511,-67,65,-95,MCS7,51.4,0.879486,632,758.1717155756,843.11,33.8947317566,0
227,3,5,0,Min 06,-68,65,-95,MCS7,53.4,0.897487,-67,65,-95,MCS7,53.5,0.879656,664.48,756.6206882591,844.93,34.2973967322,0
228,3,5,0,Min 07,-67,65,-95,MCS7,56.9,0.897822,-65,65,-95,MCS7,52.9,0.879961,100.69,709.9896336207,854.12,150.1740451916,0
229,3,5,1,Min 08,-67,65,-95,MCS7,56.9,0.898222,-66,65,-95,MCS7,51.7,0.880179,137.51,260.9570322581,351.68,42.9801468273,0.01
230,3,5,0,Min 09,-67,65,-95,MCS7,56.9,0.898043,-68,65,-95,MCS7,53.7,0.880579,179.34,666.8344210526,843.28,184.2677993314,0
231,4,5,0,Min 00,-67,65,-95,MCS7,56.7,0.896659,-67,65,-95,MCS7,54.1,0.879591,1.5,665.697489083,929.02,210.9283899832,0.09
232,4,5,0,Min 01,-67,65,-95,MCS7,56.9,0.897167,-68,65,-95,MCS7,51.8,0.8826,677.75,757.6734978541,854.62,32.5290349141,0
233,4,5,1,Min 02,-67,65,-95,MCS7,51.4,0.898127,-68,65,-95,MCS7,44.4,0.886089,1.58,67.0388085106,754.12,76.0988809705,0.03
234,4,5,0,Min 03,-67,65,-95,MCS7,56.9,0.898311,-68,65,-95,MCS7,54.1,0.884596,409.62,747.5189699571,847.83,55.2074401884,0
235,4,5,0,Min 04,-68,65,-95,MCS7,56.9,0.898204,-67,65,-95,MCS7,52.7,0.8838,661.02,755.5622515213,846.52,32.9510176766,0
236,4,5,0,Min 05,-68,65,-95,MCS7,56.9,0.89852,-68,65,-95,MCS7,54.1,0.883573,666.48,757.1042444444,847.16,31.9897218561,0
237,4,5,0,Min 06,-67,65,-95,MCS7,56.9,0.898799,-68,65,-95,MCS7,51.2,0.883165,680.21,756.3922608696,842.36,32.7587388556,0
238,4,5,0,Min 07,-68,65,-95,MCS7,56.9,0.89919,-66,65,-95,MCS7,54.1,0.883021,51.89,700.9519187359,888.04,191.8238585628,0.03
239,4,5,1,Min 08,-67,65,-95,MCS7,35,0.899133,-65,65,-95,MCS7,35,0.883021,1.29,109.38102,741,168.4072391828,0.01
240,4,5,0,Min 09,-69,65,-95,MCS7,57.2,0.900859,-67,65,-95,MCS7,54.1,0.883747,678.22,758.8307940447,862.46,34.814733645,0
241,5,5,0,Min 00,-68,65,-95,MCS7,56.9,0.890514,-66,65,-95,MCS7,52.9,0.879417,1.56,657.3537061404,871.57,223.1867296949,0.12
242,5,5,0,Min 01,-68,65,-95,MCS7,56.9,0.896914,-66,65,-95,MCS7,50.8,0.883279,342.47,748.6031947484,846.66,46.0033660631,0.01
243,5,5,1,Min 02,-67,65,-95,MCS7,35,0.898947,-67,65,-95,MCS7,35,0.883984,1.5,77.2648076923,197.83,13.2405981325,0
244,5,5,0,Min 03,-67,65,-95,MCS7,35,0.910848,-68,65,-95,MCS7,54.9,0.895523,449.94,745.4677966102,845.39,50.6549211496,0
245,5,5,0,Min 04,-68,65,-95,MCS7,57.2,0.908088,-67,65,-95,MCS7,54.1,0.892904,679.22,755.6838127854,847.75,33.7039101742,0
246,5,5,0,Min 05,-68,65,-95,MCS7,56.9,0.907103,-67,65,-95,MCS7,54.9,0.891158,672.8,755.3116216216,846.19,33.4485356213,0
247,5,5,0,Min 06,-67,65,-95,MCS7,56.9,0.905713,-67,65,-95,MCS7,49.1,0.889216,682.49,757.9201086957,855.23,33.370395976,0
248,5,5,0,Min 07,-68,65,-95,MCS7,55.8,0.904665,-68,65,-95,MCS7,54.1,0.887819,150.58,698.6611752577,870.46,186.6571873852,0
249,5,5,1,Min 08,-67,65,-95,MCS7,35,0.904417,-67,65,-95,MCS7,35,0.887632,1.56,202.2488983051,834.83,166.774712577,0.02
250,5,5,0,Min 09,-69,65,-95,MCS7,56.9,0.906276,-66,65,-95,MCS7,54.1,0.889443,663.01,754.4426767677,852.4,32.4459625106,0
