Test ID,AP_RSSI,AP_Tx Rate,AP_Noise,AP_MCS,AP_Throughput,AP_FDR,Client_RSSI,Client_Tx Rate,Client_Noise,Client_MCS,Client_Throughput,Client_FDR,GoPing_Min,GoPing_Avg,GoPing_Max,GoPing_Std. Dev,GoPing_Loss,Label
1,-67,65,-95,MCS7,56.9,0.899049,-67,65,-95,MCS7,50.5,0.83747,1.57,656.1900823045,847.63,219.2311601311,0.12,0
2,-68,65,-95,MCS7,56.9,0.897799,-68,65,-95,MCS7,54.1,0.874728,686.03,756.4922834646,852.07,32.2794103811,0,0
3,-67,65,-95,MCS7,56.6,0.898497,-65,65,-95,MCS7,54.9,0.879888,263.66,443.3356884876,749,64.2852590601,0.01,1
4,-67,65,-95,MCS7,56.9,0.897817,-65,65,-95,MCS7,54.1,0.880844,429.5,739.8773930754,839.23,66.2406047054,0,0
5,-67,65,-95,MCS7,56.9,0.897296,-66,65,-95,MCS7,54.1,0.881103,669.32,759.0432043011,840.96,33.5630642137,0,0
6,-68,65,-95,MCS7,57.2,0.897312,-65,65,-95,MCS7,54.1,0.88104,673.78,754.9780717489,859.03,32.5280426634,0,0
7,-67,65,-95,MCS7,57.2,0.897105,-67,65,-95,MCS7,54.1,0.880739,670.7,757.4191144708,882.35,34.5624641818,0,0
8,-68,65,-95,MCS7,56.9,0.897591,-67,65,-95,MCS7,54.1,0.880764,213.89,730.9727489177,861.71,93.8785977943,0.05,0
9,-68,65,-95,MCS7,56.4,0.897995,-66,65,-95,MCS7,48.3,0.880624,272.28,415.3847575058,535.87,54.3183295209,0.01,1
10,-67,65,-95,MCS7,55.8,0.897852,-67,65,-95,MCS7,51.8,0.879752,330.05,707.8898167539,855.21,130.3524003587,0,0
11,-66,65,-95,MCS7,53.2,0.864264,-67,65,-95,MCS7,52.9,0.825961,1.49,670.5974031891,853.13,195.6007491952,0.03,0
12,-67,65,-95,MCS7,56.9,0.89822,-66,65,-95,MCS7,53.2,0.852523,655.59,752.2681181619,876.88,34.4120231578,0,0
13,-68,65,-95,MCS7,56.9,0.899656,-67,65,-95,MCS7,54.1,0.859496,202.85,412.9548373102,791.28,91.1682247861,0.03,1
14,-67,65,-95,MCS7,53.7,0.899512,-66,65,-95,MCS7,54.1,0.868302,402.35,734.8956981982,858.11,77.5954354137,0,0
15,-68,65,-95,MCS7,54.9,0.899202,-67,65,-95,MCS7,49.2,0.872176,673.31,758.560043573,873,33.2794526753,0,0
16,-68,65,-95,MCS7,56.9,0.899382,-68,65,-95,MCS7,52.9,0.873901,673.94,757.3643404255,874.12,34.0674774137,0,0
17,-68,65,-95,MCS7,56.9,0.898595,-68,65,-95,MCS7,51.1,0.874481,663.53,755.8313419913,854.46,34.0805727171,0,0
18,-67,65,-95,MCS7,56.9,0.898477,-67,65,-95,MCS7,54.1,0.875361,200.16,736.8529313929,855.17,92.7357432875,0.04,0
19,-67,65,-95,MCS7,53.4,0.898175,-65,65,-95,MCS7,51.1,0.875397,229.94,332.299258427,441.66,37.9928486605,0.01,1
20,-67,65,-95,MCS7,55,0.898233,-66,65,-95,MCS7,50.8,0.876191,396.6,716.6332216495,845.63,89.3310371664,0,0
21,-67,65,-95,MCS7,56.9,0.902586,-67,65,-95,MCS7,54.1,0.892868,1.56,652.0774291939,851.53,220.4291526679,0.12,0
22,-68,65,-95,MCS7,55.5,0.90127,-67,65,-95,MCS7,54.1,0.869896,451,761.6831659389,983.49,43.9032019082,0,0
23,-67,65,-95,MCS7,56.9,0.900967,-67,65,-95,MCS7,51.8,0.872321,177.53,279.716029106,740.03,47.177465764,0.04,1
24,-67,65,-95,MCS7,57.2,0.900784,-67,65,-95,MCS7,54.1,0.879753,268.01,663.4891232227,841.2,170.5596229032,0,0
25,-67,65,-95,MCS7,56.9,0.900476,-67,65,-95,MCS7,54.1,0.880001,676.91,761.3726122449,858.97,32.0348596559,0,0
26,-67,65,-95,MCS7,56.9,0.899795,-68,65,-95,MCS7,54.1,0.880467,671.85,756.6750854701,870.38,33.8249630513,0,0
27,-68,65,-95,MCS7,56.9,0.899428,-65,65,-95,MCS7,52.6,0.880551,678.98,758.1074252874,865.73,32.8109581119,0,0
28,-67,65,-95,MCS7,56.9,0.899647,-65,65,-95,MCS7,54.1,0.880243,226.87,723.1615502183,834.99,128.4581037778,0.05,0
29,-69,65,-95,MCS7,56.9,0.899597,-66,65,-95,MCS7,54.1,0.880175,203.73,285.506875,359.34,24.6887036698,0.01,1
30,-67,65,-95,MCS7,57.2,0.899102,-68,65,-95,MCS7,54.9,0.88007,291.93,696.0482432432,858.07,146.597573124,0,0
31,-67,65,-95,MCS7,56.9,0.899074,-66,65,-95,MCS7,52.9,0.873829,1.28,661.4168852459,849.58,216.4431644397,0.08,0
32,-67,65,-95,MCS7,56.9,0.898131,-67,65,-95,MCS7,54.1,0.877866,676.14,754.7700840336,834.32,31.3717827905,0,0
33,-68,65,-95,MCS7,51.4,0.899959,-68,65,-95,MCS7,44.4,0.881619,1.55,63.8749777778,751.79,81.3978505975,0.03,1
34,-68,65,-95,MCS7,56.9,0.899966,-67,65,-95,MCS7,52.9,0.882682,290.46,746.0932346241,848.91,56.0202896128,0,0
35,-67,65,-95,MCS7,56.9,0.900075,-66,65,-95,MCS7,54.1,0.882057,662.42,757.2941371681,888.71,35.6375500969,0,0
36,-68,65,-95,MCS7,56.9,0.899264,-66,65,-95,MCS7,54.1,0.881717,674.93,753.3853684211,840.45,33.0827643156,0,0
37,-67,65,-95,MCS7,53.5,0.899174,-67,65,-95,MCS7,54.1,0.881203,668.16,756.9566883117,853.12,32.9954705219,0,0
38,-68,65,-95,MCS7,56.9,0.899319,-66,65,-95,MCS7,54.1,0.88098,51.43,699.7368487395,869.29,194.6430952117,0.03,0
39,-67,65,-95,MCS7,35,0.899279,-68,65,-95,MCS7,35,0.881017,1.33,100.3319213974,714.13,152.7279890295,0,1
40,-67,65,-95,MCS7,56.9,0.901288,-67,65,-95,MCS7,54.9,0.881893,665.72,752.9165885417,841.04,33.6964504201,0,0
41,-67,65,-95,MCS7,56.9,0.864634,-66,65,-95,MCS7,54.1,0.831099,1.59,666.3745011086,865.59,214.468930318,0.05,0
42,-67,65,-95,MCS7,56.9,0.897017,-67,65,-95,MCS7,51.1,0.867088,658.21,757.5750542299,872.05,33.9703706461,0,0
43,-67,65,-95,MCS7,35,0.897873,-67,65,-95,MCS7,35,0.876161,1.53,96.2233406593,786.76,106.0004714101,0,1
44,-68,65,-95,MCS7,56.9,0.909866,-68,65,-95,MCS7,54.1,0.890448,170.21,736.238495935,855.75,80.1482433086,0,0
45,-67,65,-95,MCS7,56.9,0.907094,-67,65,-95,MCS7,51.2,0.888391,680.26,758.9107692308,844.4,32.3991128565,0,0
46,-67,65,-95,MCS7,57.2,0.905919,-67,65,-95,MCS7,54.9,0.887901,658.34,750.8461073826,851.41,33.6544583318,0,0
47,-68,65,-95,MCS7,56.9,0.904974,-65,65,-95,MCS7,54.1,0.88691,675.69,757.787881549,843.09,31.9003076202,0,0
48,-67,65,-95,MCS7,57.2,0.904008,-66,65,-95,MCS7,52,0.885825,150.42,696.6222199593,851.31,182.9289863488,0,0
49,-67,65,-95,MCS7,35,0.90383,-67,65,-95,MCS7,35,0.886219,1.58,201.325426009,832.17,159.6859380486,0,1
50,-68,65,-95,MCS7,57.2,0.905686,-66,65,-95,MCS7,54.1,0.888144,686.99,755.3773047859,860.03,32.3044284857,0,0
51,-69,65,-95,MCS7,56.3,0.89695,-67,65,-95,MCS7,54.9,0.879715,20.38,662.4282315789,856.76,204.1551612337,0.09,0
52,-67,65,-95,MCS7,56.9,0.89689,-65,65,-95,MCS7,49.5,0.882977,644.43,757.4470526316,877.51,35.6001308299,0,0
53,-68,65,-95,MCS7,56.9,0.89877,-66,65,-95,MCS7,54.1,0.884683,238.88,461.5329662921,809.88,70.0145219525,0.03,1
54,-68,65,-95,MCS7,56.9,0.898498,-66,65,-95,MCS7,49.7,0.885225,364.35,711.364183908,839.19,89.4252888348,0,0
55,-67,65,-95,MCS7,57.2,0.898856,-67,65,-95,MCS7,50.9,0.885436,679.24,755.1956932773,840.55,31.3808302719,0,0
56,-67,65,-95,MCS7,56.9,0.899359,-66,65,-95,MCS7,54.1,0.884032,658.6,756.2291759465,848.19,33.7213845759,0,0
57,-67,65,-95,MCS7,57.2,0.899218,-67,65,-95,MCS7,54.1,0.883266,669.28,758.9126260504,850.58,33.1367972434,0,0
58,-66,65,-95,MCS7,56.9,0.899283,-65,65,-95,MCS7,54.1,0.883398,361.29,733.8303648069,871.67,84.8918234338,0.03,0
59,-67,65,-95,MCS7,56.9,0.899362,-67,65,-95,MCS7,54.1,0.883671,262.56,411.6836161616,539.6,48.4291288802,0.02,1
60,-69,65,-95,MCS7,55,0.898913,-67,65,-95,MCS7,48.3,0.882964,458.87,746.1119700748,857.13,66.5972795934,0,0
61,-67,65,-95,MCS7,56.9,0.897526,-68,65,-95,MCS7,52.9,0.831324,1.48,646.0814945055,878.91,231.2174365929,0.08,0
62,-69,65,-95,MCS7,50.5,0.895307,-67,65,-95,MCS7,54.1,0.864413,668.64,759.8615505618,858.36,35.6063115359,0,0
63,-67,65,-95,MCS7,54.4,0.896384,-67,65,-95,MCS7,52.7,0.87468,298.44,419.3781380753,571.92,46.9228755812,0.02,1
64,-67,65,-95,MCS7,57.2,0.89633,-67,65,-95,MCS7,54.1,0.877265,368.56,688.5044558522,861.46,130.961506651,0,0
65,-68,65,-95,MCS7,56.6,0.895985,-68,65,-95,MCS7,54.1,0.877573,679.54,756.98234714,882.03,31.8759354338,0,0
66,-68,65,-95,MCS7,56.9,0.896296,-68,65,-95,MCS7,54.1,0.878382,672.63,755.1806557377,906.51,33.4324201761,0,0
67,-67,65,-95,MCS7,56.9,0.896997,-65,65,-95,MCS7,54.1,0.878408,636.91,762.4684598214,853.86,33.6227510877,0,0
68,-67,65,-95,MCS7,56.6,0.89637,-68,65,-95,MCS7,52.7,0.87834,247.07,714.281622807,863.41,139.1497042488,0.05,0
69,-69,65,-95,MCS7,56.9,0.896273,-66,65,-95,MCS7,54.1,0.878615,259.49,355.6456363636,537.62,40.9835293752,0.01,1
70,-68,65,-95,MCS7,56.9,0.896485,-67,65,-95,MCS7,54.1,0.87852,545.14,748.0557300275,921.81,43.2594959171,0,0
71,-68,65,-95,MCS7,54.7,0.890904,-67,65,-95,MCS7,54.9,0.819813,1.56,637.3460171306,866.35,233.8763306651,0.12,0
72,-68,65,-95,MCS7,57.2,0.895988,-65,65,-95,MCS7,53.4,0.874949,667.13,754.4696936543,853.81,34.4359993546,0,0
73,-69,65,-95,MCS7,56.9,0.898382,-67,65,-95,MCS7,54.1,0.877586,151.66,290.9142731278,761.1,61.2484234214,0.04,1
74,-67,65,-95,MCS7,56.9,0.898542,-68,65,-95,MCS7,54.1,0.878925,199.41,652.2493181818,844.78,197.7311942259,0,0
75,-67,65,-95,MCS7,56.9,0.8989,-68,65,-95,MCS7,54.1,0.880087,660.88,756.3415835141,993.67,35.2813148775,0,0
76,-68,65,-95,MCS7,56.9,0.89891,-68,65,-95,MCS7,48.9,0.87986,666.35,758.4018580376,853.5,32.1555589874,0,0
77,-67,65,-95,MCS7,56.9,0.898609,-68,65,-95,MCS7,49.4,0.879668,672.9,757.3319612069,852.47,33.4764744246,0,0
78,-68,65,-95,MCS7,56.9,0.898926,-68,65,-95,MCS7,54.1,0.880639,96.59,711.5559751037,842.71,148.2353603611,0.07,0
79,-67,65,-95,MCS7,56.9,0.899246,-67,65,-95,MCS7,54.1,0.880951,111.04,267.3033695652,368.05,35.2862861857,0,1
80,-67,65,-95,MCS7,56.9,0.899127,-66,65,-95,MCS7,54.1,0.881326,252.59,688.6788743456,857.54,155.4032777254,0,0
81,-67,65,-95,MCS7,56.6,0.896284,-67,65,-95,MCS7,51.5,0.854809,18.3,652.4756521739,850.16,203.6750132686,0.09,0
82,-68,65,-95,MCS7,56.9,0.901857,-66,65,-95,MCS7,50.9,0.877906,659.93,753.4745353982,874.89,34.7426551289,0,0
83,-67,65,-95,MCS7,52.9,0.900911,-67,65,-95,MCS7,44.4,0.877712,1.5,59.8394642857,493.84,52.0286255274,0,1
84,-68,65,-95,MCS7,56.9,0.901038,-67,65,-95,MCS7,51.7,0.880885,507.5,739.8535745614,870.42,49.4872820113,0,0
85,-69,65,-95,MCS7,54,0.900669,-65,65,-95,MCS7,54.1,0.880898,671.93,756.7753982301,866.66,34.5195800545,0,0
86,-68,65,-95,MCS7,56.9,0.900003,-68,65,-95,MCS7,48.9,0.880123,663.12,756.1513608247,844.83,33.758678081,0,0
87,-67,65,-95,MCS7,55.9,0.89971,-67,65,-95,MCS7,50.9,0.880129,673.89,754.253697479,838.97,33.0002758994,0,0
88,-68,65,-95,MCS7,56.7,0.899772,-66,65,-95,MCS7,55.6,0.880289,52.11,689.1383488372,843.68,198.420697109,0.02,0
89,-68,65,-95,MCS7,35,0.900301,-67,65,-95,MCS7,35,0.880346,1.44,125.5066028708,784.04,197.2555363956,0,1
90,-66,65,-95,MCS7,56.9,0.90174,-66,65,-95,MCS7,50.9,0.881054,672.55,755.8376781003,840.87,32.8614139862,0,0
91,-67,65,-95,MCS7,56.9,0.897196,-67,65,-95,MCS7,50.9,0.882718,1.63,678.3185350318,851.75,185.0849024085,0.03,0
92,-68,65,-95,MCS7,57.2,0.89952,-67,65,-95,MCS7,54.9,0.866588,429.68,756.8649358974,1035.11,51.1258424522,0,0
93,-67,65,-95,MCS7,35,0.901475,-67,65,-95,MCS7,35,0.870604,1.54,86.8218930958,755.89,71.4312909183,0,1
94,-67,65,-95,MCS7,56.9,0.911389,-66,65,-95,MCS7,50.9,0.886903,292.29,742.0543418468,858.16,57.1517490086,0,0
95,-67,65,-95,MCS7,56.9,0.908574,-66,65,-95,MCS7,54.1,0.886204,666.65,752.3853473684,848.05,34.5282938386,0,0
96,-67,65,-95,MCS7,56.9,0.907258,-67,65,-95,MCS7,54.1,0.885936,666.98,751.8705217391,834.66,31.4079990806,0,0
97,-69,65,-95,MCS7,56.9,0.906472,-65,65,-95,MCS7,52.6,0.885875,678.81,754.0179333333,856.26,31.5757272381,0,0
98,-68,65,-95,MCS7,56.9,0.905683,-67,65,-95,MCS7,48,0.8849,150.49,700.6759465021,849.86,176.7787785194,0,0
99,-67,65,-95,MCS7,35,0.905416,-67,65,-95,MCS7,35,0.884736,1.35,189.4348033126,844.72,144.7422292064,0.01,1
100,-66,65,-95,MCS7,35,0.906852,-67,65,-95,MCS7,52.6,0.887123,550.61,752.0451231527,843.52,34.7220257371,0,0
101,-66,65,-95,MCS7,57.2,0.882077,-67,65,-95,MCS7,54.1,0.851979,1.4,645.4405769231,848.09,225.7902637109,0.12,0
102,-67,65,-95,MCS7,54.7,0.896738,-67,65,-95,MCS7,54.3,0.869139,656.83,756.5875890985,837.83,32.2352008892,0,0
103,-67,65,-95,MCS7,56.9,0.896792,-67,65,-95,MCS7,54.1,0.874386,158.91,447.1184468085,695.12,55.2582663878,0.05,1
104,-67,65,-95,MCS7,54.6,0.897271,-65,65,-95,MCS7,52,0.879975,357.55,692.7938053097,886.62,129.5628468119,0,0
105,-68,65,-95,MCS7,54.1,0.897969,-67,65,-95,MCS7,49.4,0.881,663.23,758.1652978723,845.59,34.6367459932,0,0
106,-68,65,-95,MCS7,56.9,0.897859,-67,65,-95,MCS7,54.1,0.88124,674.1,756.9204100228,864.84,33.1988949142,0,0
107,-67,65,-95,MCS7,56.9,0.897928,-66,65,-95,MCS7,54.1,0.881063,647.92,753.0853448276,837.42,31.2097654487,0,0
108,-67,65,-95,MCS7,56.9,0.898481,-65,65,-95,MCS7,54.1,0.88145,279.64,730.6753894737,852.27,87.2738472553,0.02,0
109,-68,65,-95,MCS7,57.2,0.898482,-67,65,-95,MCS7,52.9,0.882491,266.41,466.5940091116,673.77,54.6760764136,0.01,1
110,-67,65,-95,MCS7,56.9,0.898343,-68,65,-95,MCS7,54.1,0.882145,642.23,758.9910054348,872.32,35.2523043777,0,0
111,-67,65,-95,MCS7,57.2,0.889052,-67,65,-95,MCS7,54.9,0.873069,1.55,657.1389342404,836.32,204.8884522653,0.09,0
112,-69,65,-95,MCS7,54.1,0.893702,-66,65,-95,MCS7,54.1,0.880317,445.76,749.774612069,854.43,50.1121701426,0,0
113,-67,65,-95,MCS7,56.9,0.895839,-67,65,-95,MCS7,51.5,0.883178,273.1,415.2000429185,544.28,55.3165252843,0.01,1
114,-68,65,-95,MCS7,57.2,0.896259,-67,65,-95,MCS7,50.8,0.88133,357.25,704.6320886076,851.86,122.2265067797,0,0
115,-67,65,-95,MCS7,56.9,0.896226,-66,65,-95,MCS7,54.1,0.881147,651.18,757.3642982456,872.33,34.6078450433,0,0
116,-67,65,-95,MCS7,56.9,0.896985,-67,65,-95,MCS7,54.1,0.882033,668.76,754.332244898,882.95,31.874345891,0,0
117,-67,65,-95,MCS7,57.2,0.897669,-67,65,-95,MCS7,52.9,0.882164,665.52,755.8325211864,828.31,32.9456527153,0,0
118,-68,65,-95,MCS7,53.8,0.897978,-67,65,-95,MCS7,51.5,0.882044,233.51,705.9106136364,836.77,142.2188231687,0.06,0
119,-68,65,-95,MCS7,56.9,0.898004,-68,65,-95,MCS7,50.5,0.882696,223.03,348.9381818182,498.01,39.3620251219,0,1
120,-67,65,-95,MCS7,56.1,0.898463,-67,65,-95,MCS7,53.7,0.883164,492.87,729.074386921,869.57,58.6851375295,0,0
121,-67,65,-95,MCS7,56.9,0.896586,-67,65,-95,MCS7,54.9,0.861986,1.56,650.4672972973,847.08,224.5027910637,0.06,0
122,-67,65,-95,MCS7,56.9,0.897667,-68,65,-95,MCS7,54.1,0.859745,340.78,751.619688196,843.49,44.3711020084,0.01,0
123,-67,65,-95,MCS7,57.2,0.898952,-67,65,-95,MCS7,50.8,0.864857,168.74,281.4069978858,359.86,35.8457431884,0.02,1
124,-68,65,-95,MCS7,57.2,0.898272,-67,65,-95,MCS7,50.3,0.869415,262.34,683.605,847,145.1202826427,0,0
125,-69,65,-95,MCS7,56.9,0.898703,-67,65,-95,MCS7,54.1,0.872043,641.34,754.4426122449,852.95,34.0170876465,0,0
126,-69,65,-95,MCS7,56.9,0.898276,-65,65,-95,MCS7,54.9,0.874344,678.92,756.4913684211,877,35.4783918466,0,0
127,-67,65,-95,MCS7,56.9,0.898355,-65,65,-95,MCS7,54.1,0.875827,656.51,752.3008067941,846.63,34.2095744502,0,0
128,-66,65,-95,MCS7,55.9,0.898632,-66,65,-95,MCS7,52.9,0.877772,31.86,715.2385115304,869.84,147.7410033035,0.04,0
129,-68,65,-95,MCS7,56.9,0.898614,-65,65,-95,MCS7,51.4,0.877806,187.77,277.5651124744,373.52,29.1384485672,0,1
130,-67,65,-95,MCS7,56.9,0.898293,-67,65,-95,MCS7,52.4,0.878263,248.9,686.2542779292,845.63,159.304197541,0,0
131,-68,65,-95,MCS7,57.2,0.859914,-67,65,-95,MCS7,54.1,0.888742,3.12,631.1052369668,853.17,238.8358671241,0.1,0
132,-68,65,-95,MCS7,56.9,0.896533,-68,65,-95,MCS7,52.9,0.884,682.01,759.001069869,860.66,33.386986717,0,0
133,-67,65,-95,MCS7,51.4,0.897402,-67,65,-95,MCS7,43.6,0.883896,1.62,67.5957084189,751.56,86.9446290592,0.04,1
134,-67,65,-95,MCS7,56.7,0.897851,-66,65,-95,MCS7,48.3,0.883947,323.53,741.558389662,855.72,63.1656959931,0,0
135,-68,65,-95,MCS7,56.9,0.897809,-68,65,-95,MCS7,54.1,0.882518,648.84,754.5246547884,843.99,33.8904911923,0,0
136,-67,65,-95,MCS7,56.9,0.898189,-67,65,-95,MCS7,54.1,0.882543,682.9,754.1715081207,846.28,32.2320973644,0,0
137,-67,65,-95,MCS7,57.2,0.898482,-67,65,-95,MCS7,54.9,0.881622,674.6,757.7055532359,849.77,31.9006265352,0,0
138,-69,65,-95,MCS7,56.9,0.899057,-67,65,-95,MCS7,54.9,0.881665,51.99,695.8295414847,854.19,188.8650261823,0.04,0
139,-68,65,-95,MCS7,35,0.899182,-67,65,-95,MCS7,35,0.881645,1.4,112.1595238095,739.99,176.6881813231,0,1
140,-68,65,-95,MCS7,57.2,0.901025,-67,65,-95,MCS7,54.1,0.882507,678.11,753.8675263158,850.81,33.4054420667,0,0
141,-68,65,-95,MCS7,56.9,0.904734,-67,65,-95,MCS7,54.9,0.844819,1.5,647.4966457023,891.67,222.6386316995,0.09,0
142,-68,65,-95,MCS7,56.6,0.903369,-67,65,-95,MCS7,54.1,0.848969,76.4,748.1136051502,850.17,65.5759853842,0.01,0
143,-67,65,-95,MCS7,35,0.902875,-67,65,-95,MCS7,35,0.868777,1.62,80.8956,493.36,38.7932574853,0.01,1
144,-67,65,-95,MCS7,57.2,0.91211,-65,65,-95,MCS7,54.1,0.88752,572.98,747.2147071584,845.98,44.5443922787,0,0
145,-66,65,-95,MCS7,55,0.909081,-67,65,-95,MCS7,54.1,0.886475,675.43,757.8114853556,848.77,33.1095647371,0,0
146,-67,65,-95,MCS7,53.1,0.906825,-67,65,-95,MCS7,54.1,0.884835,673.02,758.7814164905,876.85,34.8087967227,0,0
147,-68,65,-95,MCS7,56.9,0.905694,-67,65,-95,MCS7,54.1,0.883998,677.22,758.1850209205,849.05,32.2171912433,0,0
148,-67,65,-95,MCS7,56.9,0.904765,-67,65,-95,MCS7,50,0.883662,150.58,685.5055384615,844.88,195.2621946756,0,0
149,-67,65,-95,MCS7,35,0.904711,-67,65,-95,MCS7,35,0.883835,1.54,202.9484143763,808.5,167.3131423303,0,1
150,-67,65,-95,MCS7,57.2,0.905933,-66,65,-95,MCS7,49.5,0.886723,637.66,761.4532865169,863.82,33.4602023395,0,0
151,-68,65,-95,MCS7,56.9,0.894734,-67,65,-95,MCS7,52.9,0.8806,1.45,652.2489937107,891.03,214.3492298609,0.12,0
152,-67,65,-95,MCS7,56.9,0.899835,-67,65,-95,MCS7,48.9,0.855786,542.6,750.5467634855,948.91,43.9249891389,0,0
153,-67,65,-95,MCS7,54.9,0.902374,-66,65,-95,MCS7,48.9,0.861847,153.69,402.55408,755.71,68.2808785602,0.06,1
154,-67,65,-95,MCS7,56.9,0.901435,-66,65,-95,MCS7,54.1,0.862092,407.77,696.8747589099,850.13,113.6493907591,0,0
155,-67,65,-95,MCS7,55.6,0.900511,-67,65,-95,MCS7,54.1,0.866502,658.97,755.7534151786,876.36,33.9626674596,0,0
156,-68,65,-95,MCS7,56.9,0.899838,-67,65,-95,MCS7,52.9,0.868081,670.63,755.8711946903,836.22,32.3996995218,0,0
157,-67,65,-95,MCS7,56.9,0.900088,-67,65,-95,MCS7,54.9,0.870265,662.14,756.3527835052,851.64,34.7189292005,0,0
158,-67,65,-95,MCS7,52.1,0.90007,-65,65,-95,MCS7,50,0.872849,207.3,728.0311,855.85,100.0715673415,0.03,0
159,-68,65,-95,MCS7,55.2,0.899516,-68,65,-95,MCS7,50.6,0.873429,294.93,420.0413157895,549.79,44.8756549043,0.01,1
160,-67,65,-95,MCS7,55.9,0.899322,-65,65,-95,MCS7,54.1,0.87493,467.69,722.6524456522,833.81,85.079418758,0,0
161,-66,65,-95,MCS7,56.9,0.89168,-66,65,-95,MCS7,54.1,0.848847,1.5,638.7917299578,909.56,236.2367052218,0.06,0
162,-67,65,-95,MCS7,56.9,0.893861,-67,65,-95,MCS7,52.3,0.881112,675.68,757.2404615385,840.28,32.2591180944,0,0
163,-68,65,-95,MCS7,56.9,0.895135,-68,65,-95,MCS7,52.9,0.884751,167.91,419.8246218487,816.71,77.3362917654,0.06,1
164,-68,65,-95,MCS7,55.2,0.895002,-67,65,-95,MCS7,54.1,0.885188,337.61,693.0419594595,875.53,131.6448870006,0,0
165,-67,65,-95,MCS7,56.9,0.895588,-67,65,-95,MCS7,51.7,0.885307,671.01,755.2687068966,839.1,32.0274242273,0,0
166,-67,65,-95,MCS7,57.2,0.89638,-66,65,-95,MCS7,52.9,0.885224,673.39,752.2437316562,856.5,32.8300691018,0,0
167,-68,65,-95,MCS7,55.9,0.897995,-68,65,-95,MCS7,52.9,0.886448,661.47,753.7426262626,847.55,34.5682831914,0,0
168,-67,65,-95,MCS7,57.2,0.897823,-66,65,-95,MCS7,54.1,0.885567,144.63,733.9348360656,855.52,114.2805812426,0.06,0
169,-68,65,-95,MCS7,52,0.897349,-65,65,-95,MCS7,52.9,0.885164,250.06,331.5809302326,431.92,33.6837942035,0,1
170,-68,65,-95,MCS7,57.2,0.897283,-67,65,-95,MCS7,53.2,0.884836,314.04,686.1708866995,844.04,146.0394155554,0,0
171,-67,65,-95,MCS7,56.9,0.904243,-67,65,-95,MCS7,54.1,0.850546,9.98,676.3440384615,868.77,178.5242296638,0.06,0
172,-67,65,-95,MCS7,56.9,0.899158,-68,65,-95,MCS7,54.1,0.870527,660.6,758.3601284797,861.47,34.8007381531,0,0
173,-67,65,-95,MCS7,56.7,0.898926,-67,65,-95,MCS7,49.8,0.875185,142.41,289.9639285714,791.93,69.998448664,0.07,1
174,-67,65,-95,MCS7,55,0.898416,-67,65,-95,MCS7,50.3,0.879606,173.58,647.4715625,868.57,210.7443986689,0,0
175,-66,65,-95,MCS7,56.9,0.898392,-65,65,-95,MCS7,54.1,0.879338,647.95,755.2772258065,848,31.8491086056,0,0
176,-69,65,-95,MCS7,56.9,0.89854,-67,65,-95,MCS7,54.1,0.879757,680.73,757.7150630252,844.91,32.8795221671,0,0
177,-67,65,-95,MCS7,57.2,0.898283,-67,65,-95,MCS7,52.9,0.88028,665.02,755.8932537961,853.62,34.3067631854,0,0
178,-67,65,-95,MCS7,56.9,0.897797,-67,65,-95,MCS7,54.9,0.880877,123.63,729.205361991,849.72,129.9205730697,0.01,0
179,-67,65,-95,MCS7,56.9,0.897673,-66,65,-95,MCS7,52.9,0.880805,162.88,269.2884439834,356.2,37.3755242024,0,1
180,-67,65,-95,MCS7,56.9,0.897434,-67,65,-95,MCS7,54.1,0.880937,315.74,695.3996029777,843,134.4398988039,0,0
181,-68,65,-95,MCS7,56.9,0.89491,-67,65,-95,MCS7,48.9,0.87509,1.49,644.6985350318,976.81,227.2952525842,0.09,0
182,-67,65,-95,MCS7,56.9,0.899167,-68,65,-95,MCS7,54.9,0.88215,645.24,756.1226838966,869.86,35.5597928138,0,0
183,-67,65,-95,MCS7,51.4,0.899484,-67,65,-95,MCS7,44.4,0.882278,1.62,61.2945598194,444.58,61.0661442667,0.01,1
184,-69,65,-95,MCS7,57.2,0.89977,-67,65,-95,MCS7,54.1,0.88416,514.62,739.2846532438,821.35,49.5576070892,0,0
185,-67,65,-95,MCS7,57.2,0.899633,-67,65,-95,MCS7,54.1,0.88347,637.19,754.1630066815,839.89,33.3022651651,0,0
186,-67,65,-95,MCS7,56.7,0.899483,-67,65,-95,MCS7,52.9,0.882884,667.75,756.1122379032,846.47,33.0824959265,0,0
187,-68,65,-95,MCS7,56.9,0.899045,-65,65,-95,MCS7,54.1,0.882852,670,756.6919917012,870.31,35.0191844603,0,0
188,-68,65,-95,MCS7,56.6,0.899036,-67,65,-95,MCS7,54.1,0.881665,51.78,673.5958405172,847.41,225.8605664714,0.02,0
189,-68,65,-95,MCS7,35,0.898821,-67,65,-95,MCS7,34,0.881853,51.58,109.7005700713,783.46,167.0200853814,0,1
190,-67,65,-95,MCS7,56.9,0.900271,-66,65,-95,MCS7,52.4,0.88242,678.53,753.4622253521,842.08,32.5109300945,0,0
191,-68,65,-95,MCS7,56.9,0.894909,-67,65,-95,MCS7,48.3,0.862329,1.17,625.4906912442,854.06,241.6069376245,0.11,0
192,-67,65,-95,MCS7,56.9,0.896419,-67,65,-95,MCS7,54.9,0.872661,667.34,754.8103448276,855.99,33.7145977652,0,0
193,-67,65,-95,MCS7,35,0.898233,-67,65,-95,MCS7,35,0.880273,1.57,89.6255507559,767.21,81.5548191185,0,1
194,-67,65,-95,MCS7,57.2,0.91052,-66,65,-95,MCS7,49.4,0.891032,287.38,738.4727331887,868.29,58.0326347105,0,0
195,-67,65,-95,MCS7,57.2,0.908398,-67,65,-95,MCS7,52.9,0.890031,667.16,753.048608137,868.08,32.8855356863,0,0
196,-67,65,-95,MCS7,56.9,0.907481,-67,65,-95,MCS7,54.9,0.889891,424.52,755.5212164948,1048.66,46.5687167856,0,0
197,-68,65,-95,MCS7,56.9,0.90557,-65,65,-95,MCS7,54.9,0.889413,665.74,753.8187831858,849.62,35.4525271648,0,0
198,-67,65,-95,MCS7,56.9,0.904955,-66,65,-95,MCS7,54.1,0.888524,150.64,698.0253617021,859.18,176.4753710361,0,0
199,-67,65,-95,MCS7,35,0.904923,-67,65,-95,MCS7,35,0.888787,1.62,204.0063368421,837.4,167.3736493178,0.02,1
200,-67,65,-95,MCS7,56.9,0.906691,-67,65,-95,MCS7,54.1,0.891582,672.4,753.7848901099,849.59,32.9778092429,0,0
201,-67,65,-95,MCS7,56.9,0.898458,-68,65,-95,MCS7,49.8,0.840359,1.1,647.7517938144,876.77,221.6942492757,0.1,0
202,-68,65,-95,MCS7,57.2,0.903002,-67,65,-95,MCS7,54.1,0.847455,677.08,755.0690871369,865.9,30.9992882397,0,0
203,-68,65,-95,MCS7,56.6,0.901586,-67,65,-95,MCS7,54.1,0.860602,177.72,431.0656567797,677.73,62.2470432385,0.01,1
204,-66,65,-95,MCS7,56.9,0.902051,-68,65,-95,MCS7,54.1,0.868005,407.48,701.9052401747,866.01,100.6296790306,0,0
205,-67,65,-95,MCS7,56.9,0.901108,-67,65,-95,MCS7,54.1,0.871363,657.09,753.109321663,838.11,34.169773957,0,0
206,-67,65,-95,MCS7,56.9,0.900824,-67,65,-95,MCS7,54.1,0.872491,665.31,753.7046511628,832.9,32.3237101716,0,0
207,-67,65,-95,MCS7,56.7,0.900544,-65,65,-95,MCS7,52.9,0.871554,661.32,758.399916318,844.65,33.4574410795,0,0
208,-67,65,-95,MCS7,56.9,0.900445,-68,65,-95,MCS7,54.1,0.874402,277.55,709.614967033,898.71,112.1716225301,0.03,0
209,-67,65,-95,MCS7,56.9,0.900242,-67,65,-95,MCS7,48.9,0.875031,272.41,440.7147628866,541.62,44.807028027,0.03,1
210,-67,65,-95,MCS7,56.9,0.899979,-68,65,-95,MCS7,49.8,0.875603,441.5,720.7083957219,842.62,89.5093613698,0,0
211,-66,65,-95,MCS7,53.8,0.890654,-67,65,-95,MCS7,54,0.85761,25.34,667.1203153153,874.96,193.9423887079,0.09,0
212,-67,65,-95,MCS7,57.2,0.901638,-66,65,-95,MCS7,54.1,0.870985,670.26,754.3051473923,829.79,31.4346437069,0,0
213,-66,65,-95,MCS7,56.6,0.900295,-67,65,-95,MCS7,49.4,0.876566,271.56,396.549954955,768.59,73.0985046741,0.01,1
214,-69,65,-95,MCS7,56.9,0.899499,-68,65,-95,MCS7,54.9,0.87936,372.27,692.7451293103,827.09,121.3340629817,0,0
215,-67,65,-95,MCS7,56.9,0.899072,-68,65,-95,MCS7,54.1,0.879461,663.94,757.8189519651,869.88,32.4258197196,0,0
216,-67,65,-95,MCS7,56.9,0.899272,-66,65,-95,MCS7,51.4,0.879877,679.93,754.3426304802,892.04,33.5223866958,0,0
217,-67,65,-95,MCS7,57.2,0.899331,-67,65,-95,MCS7,54,0.878665,663.77,753.4386680761,838.97,32.8487438905,0,0
218,-67,65,-95,MCS7,57.2,0.899633,-65,65,-95,MCS7,54.9,0.88011,55.86,716.1261764706,852.83,127.508700244,0.06,0
219,-68,65,-95,MCS7,56.9,0.899836,-67,65,-95,MCS7,54.1,0.880138,204.92,332.6251639344,467.99,43.8190409055,0,1
220,-68,65,-95,MCS7,56.9,0.899231,-68,65,-95,MCS7,50.2,0.880351,304.81,700.8447683924,847.29,133.8889298165,0,0
221,-68,65,-95,MCS7,48.8,0.895773,-66,65,-95,MCS7,54.1,0.858753,1.61,669.2896041667,852.9,196.8143188379,0.03,0
222,-68,65,-95,MCS7,57.2,0.898503,-68,65,-95,MCS7,51.5,0.873352,682.61,759.3989823009,869.8,33.7790115928,0,0
223,-67,65,-95,MCS7,56.9,0.898764,-67,65,-95,MCS7,54.9,0.879483,72.73,291.3918052738,766.45,73.0279632165,0.04,1
224,-67,65,-95,MCS7,56.9,0.897344,-68,65,-95,MCS7,52.1,0.880752,209.9,642.7616335541,848.54,199.2915392658,0,0
225,-67,65,-95,MCS7,54.9,0.89799,-67,65,-95,MCS7,54.1,0.880744,668.56,762.1629661017,872.49,33.362838343,0,0
226,-67,65,-95,MCS7,56.9,0.897511,-67,65,-95,MCS7,51.4,0.879486,632,758.1717155756,843.11,33.8947317566,0,0
227,-68,65,-95,MCS7,53.4,0.897487,-67,65,-95,MCS7,53.5,0.879656,664.48,756.6206882591,844.93,34.2973967322,0,0
228,-67,65,-95,MCS7,56.9,0.897822,-65,65,-95,MCS7,52.9,0.879961,100.69,709.9896336207,854.12,150.1740451916,0,0
229,-67,65,-95,MCS7,56.9,0.898222,-66,65,-95,MCS7,51.7,0.880179,137.51,260.9570322581,351.68,42.9801468273,0.01,1
230,-67,65,-95,MCS7,56.9,0.898043,-68,65,-95,MCS7,53.7,0.880579,179.34,666.8344210526,843.28,184.2677993314,0,0
231,-67,65,-95,MCS7,56.7,0.896659,-67,65,-95,MCS7,54.1,0.879591,1.5,665.697489083,929.02,210.9283899832,0.09,0
232,-67,65,-95,MCS7,56.9,0.897167,-68,65,-95,MCS7,51.8,0.8826,677.75,757.6734978541,854.62,32.5290349141,0,0
233,-67,65,-95,MCS7,51.4,0.898127,-68,65,-95,MCS7,44.4,0.886089,1.58,67.0388085106,754.12,76.0988809705,0.03,1
234,-67,65,-95,MCS7,56.9,0.898311,-68,65,-95,MCS7,54.1,0.884596,409.62,747.5189699571,847.83,55.2074401884,0,0
235,-68,65,-95,MCS7,56.9,0.898204,-67,65,-95,MCS7,52.7,0.8838,661.02,755.5622515213,846.52,32.9510176766,0,0
236,-68,65,-95,MCS7,56.9,0.89852,-68,65,-95,MCS7,54.1,0.883573,666.48,757.1042444444,847.16,31.9897218561,0,0
237,-67,65,-95,MCS7,56.9,0.898799,-68,65,-95,MCS7,51.2,0.883165,680.21,756.3922608696,842.36,32.7587388556,0,0
238,-68,65,-95,MCS7,56.9,0.89919,-66,65,-95,MCS7,54.1,0.883021,51.89,700.9519187359,888.04,191.8238585628,0.03,0
239,-67,65,-95,MCS7,35,0.899133,-65,65,-95,MCS7,35,0.883021,1.29,109.38102,741,168.4072391828,0.01,1
240,-69,65,-95,MCS7,57.2,0.900859,-67,65,-95,MCS7,54.1,0.883747,678.22,758.8307940447,862.46,34.814733645,0,0
241,-68,65,-95,MCS7,56.9,0.890514,-66,65,-95,MCS7,52.9,0.879417,1.56,657.3537061404,871.57,223.1867296949,0.12,0
242,-68,65,-95,MCS7,56.9,0.896914,-66,65,-95,MCS7,50.8,0.883279,342.47,748.6031947484,846.66,46.0033660631,0.01,0
243,-67,65,-95,MCS7,35,0.898947,-67,65,-95,MCS7,35,0.883984,1.5,77.2648076923,197.83,13.2405981325,0,1
244,-67,65,-95,MCS7,35,0.910848,-68,65,-95,MCS7,54.9,0.895523,449.94,745.4677966102,845.39,50.6549211496,0,0
245,-68,65,-95,MCS7,57.2,0.908088,-67,65,-95,MCS7,54.1,0.892904,679.22,755.6838127854,847.75,33.7039101742,0,0
246,-68,65,-95,MCS7,56.9,0.907103,-67,65,-95,MCS7,54.9,0.891158,672.8,755.3116216216,846.19,33.4485356213,0,0
247,-67,65,-95,MCS7,56.9,0.905713,-67,65,-95,MCS7,49.1,0.889216,682.49,757.9201086957,855.23,33.370395976,0,0
248,-68,65,-95,MCS7,55.8,0.904665,-68,65,-95,MCS7,54.1,0.887819,150.58,698.6611752577,870.46,186.6571873852,0,0
249,-67,65,-95,MCS7,35,0.904417,-67,65,-95,MCS7,35,0.887632,1.56,202.2488983051,834.83,166.774712577,0.02,1
250,-69,65,-95,MCS7,56.9,0.906276,-66,65,-95,MCS7,54.1,0.889443,663.01,754.4426767677,852.4,32.4459625106,0,0
251,-68,65,-95,MCS7,57.2,0.796053,-67,65,-95,MCS7,54.1,0.854979,27.85,650.9828571429,938.48,210.7285787392,0,0
252,-68,65,-95,MCS7,57.2,0.901944,-68,65,-95,MCS7,48.3,0.855371,596.55,757.801106383,953.56,39.2509092895,0,0
253,-70,58.5,-95,MCS6,49.8,0.892914,-69,65,-95,MCS7,46.8,0.839453,508.71,849.6631111111,1163.98,88.1123754462,0,0
254,-66,65,-95,MCS7,56.9,0.886099,-69,65,-95,MCS7,48.9,0.83204,482.66,755.3820210526,981.19,45.8637738815,0,0
255,-68,65,-95,MCS7,56.9,0.890595,-68,65,-95,MCS7,50,0.833117,421.89,752.1541086957,1014.32,63.5888216375,0,0
256,-68,65,-95,MCS7,56.9,0.894128,-67,65,-95,MCS7,54.1,0.833645,670.6,759.6446794872,895.89,34.947784636,0,0
257,-67,65,-95,MCS7,56.9,0.894751,-68,65,-95,MCS7,48.9,0.841355,645.79,755.2041115702,962.38,40.5598604686,0,0
258,-68,65,-95,MCS7,56.9,0.896314,-67,65,-95,MCS7,49.5,0.841448,658.92,774.9016877637,1310.65,74.1918104146,0,0
259,-72,58.5,-95,MCS6,44.5,0.879645,-68,58.5,-95,MCS7,43.7,0.83996,532.55,987.5372515856,1386.11,119.3849834441,0,0
260,-67,65,-95,MCS7,46.8,0.877138,-68,65,-95,MCS7,54.1,0.829376,678,756.4109390863,850.7,32.236174621,0,0
261,-66,65,-95,MCS7,57.2,0.90768,-69,65,-95,MCS7,49.8,0.841058,1.5,633.6991235955,903.94,237.6083531916,0.08,0
262,-68,65,-95,MCS7,56.9,0.902869,-66,65,-95,MCS7,54.1,0.840765,675.95,760.5241004184,862.12,34.7421015184,0,0
263,-74,52,-95,MCS5,39.2,0.838055,-73,52,-95,MCS5,34.3,0.762808,639.66,1145.3970042194,1687.27,104.174150749,0,0
264,-67,65,-95,MCS7,56.9,0.837858,-67,65,-95,MCS7,54.1,0.859444,649.03,756.3220638298,1093.42,45.2695096134,0,0
265,-67,65,-95,MCS7,56.9,0.897681,-68,65,-95,MCS7,54.9,0.868622,654.88,753.851352459,848.17,33.4787874762,0,0
266,-66,65,-95,MCS7,56.9,0.899038,-67,65,-95,MCS7,53.4,0.762609,669.36,759.3483410138,865.98,34.0216704525,0,0
267,-68,65,-95,MCS7,57.2,0.898952,-67,65,-95,MCS7,54,0.875731,666.88,753.3829707113,872.94,33.9095544163,0,0
268,-67,65,-95,MCS7,56.9,0.899294,-67,65,-95,MCS7,51.8,0.876848,352.16,793.8350408163,2379.41,204.4377597488,0.12,0
269,-76,39,-95,MCS4,33.2,0.89945,-75,39,-95,MCS4,27.6,0.721722,694.99,1369.2568089431,1919.46,212.4428023447,0.01,0
270,-67,65,-95,MCS7,32.8,0.897737,-66,65,-95,MCS7,54.1,0.875825,650.91,755.729260274,844.41,33.1122467391,0,0
271,-67,65,-95,MCS7,56.9,0.898662,-67,65,-95,MCS7,50.5,0.844852,1.5,626.3495512821,851.55,243.8993508076,0.12,0
272,-67,65,-95,MCS7,56.9,0.896508,-66,65,-95,MCS7,54.1,0.872134,633.65,758.7911740891,948.57,35.4729139675,0,0
273,-78,39,-95,MCS4,24.2,0.698944,-79,39,-95,MCS4,23.8,0.678729,746.05,1787.0179578947,2341.39,191.7494468416,0.01,0
274,-67,65,-95,MCS7,56.9,0.699361,-67,65,-95,MCS7,44.4,0.875644,673.14,754.4522755741,1047.67,37.8817928741,0,0
275,-68,65,-95,MCS7,57.2,0.896549,-65,65,-95,MCS7,54.1,0.877065,647.95,755.0012655602,844.66,33.3030973952,0,0
276,-68,65,-95,MCS7,56.9,0.89692,-67,65,-95,MCS7,54.1,0.873944,330.94,756.3948739496,1145.8,54.2365099111,0,0
277,-67,65,-95,MCS7,56.9,0.896824,-66,65,-95,MCS7,54.1,0.880838,676.96,755.3881681034,858.38,33.0034411327,0,0
278,-67,65,-95,MCS7,56.9,0.896974,-67,65,-95,MCS7,54.1,0.880832,331.27,789.1774537037,3706.32,319.1707553901,0.24,0
279,-81,19.5,-95,MCS2,16.7,0.89728,-83,26,-95,MCS3,14.6,0.721465,631.4,2295.2688396625,3052.53,581.4751090886,0,0
280,-68,65,-95,MCS7,56.9,0.896359,-68,65,-95,MCS7,45.6,0.879939,667.53,757.6433150685,846.63,33.003533812,0,0
281,-67,65,-95,MCS7,56.1,0.906135,-68,65,-95,MCS7,52.9,0.833044,1.42,644.9546259843,890.58,228.0582235198,0.11,0
282,-69,65,-95,MCS7,56.6,0.902546,-66,65,-95,MCS7,54.1,0.850812,661.35,757.1941152263,853.95,34.8433082407,0,0
283,-84,19.5,-95,MCS2,12,0.727598,-85,19.5,-95,MCS2,13.2,0.675832,555.44,3194.9871052632,4371.13,427.4774197142,0.33,0
284,-67,65,-95,MCS7,56.7,0.72448,-67,65,-95,MCS7,50.2,0.866083,669.38,793.5479449153,2627.25,224.8879759162,0,0
285,-67,65,-95,MCS7,56.9,0.900012,-67,65,-95,MCS7,48.8,0.872806,679.4,757.5468343816,859.27,31.7211289266,0,0
286,-67,65,-95,MCS7,54.7,0.899721,-66,65,-95,MCS7,51.8,0.87323,662.84,760.2961158798,855.13,32.7375240945,0,0
287,-68,65,-95,MCS7,56.9,0.899477,-67,65,-95,MCS7,54.1,0.87366,663.87,751.7913114754,835.78,32.2209364326,0,0
288,-68,65,-95,MCS7,56.9,0.90028,-67,65,-95,MCS7,54.9,0.874995,672.64,781.6049543379,4576.78,283.9610796991,0,0
289,-87,13,-95,MCS1,5.7,0.599763,-86,13,-95,MCS1,4.7,0.677083,561.91,3946.3532045455,6322.88,1363.0307644315,0.53,0
290,-67,65,-95,MCS7,56.9,0.899552,-67,65,-95,MCS7,54.1,0.875218,664.39,756.0647088608,868.63,33.427705406,0,0
291,-68,65,-95,MCS7,51.4,0.85122,-67,65,-95,MCS7,54.1,0.879237,21.14,661.5987130802,836.1,200.0560872796,0.09,0
292,-67,65,-95,MCS7,55.9,0.896024,-66,65,-95,MCS7,54.1,0.881049,671.79,754.3331896552,850.23,31.9687774161,0,0
293,-89,6.5,-95,MCS0,4.4,0.704651,-88,6.5,-95,MCS0,4.2,0.010417,153.98,4408.9546645367,12831.05,1916.906038701,1.74,0
294,-67,65,-95,MCS7,56.3,0.852243,-66,65,-95,MCS7,25,0.877737,299.95,708.2812421053,850.23,95.9782590532,0,0
295,-67,65,-95,MCS7,56.6,0.895124,-67,65,-95,MCS7,54.1,0.877753,670.03,754.6975669643,863.16,33.9806956965,0,0
296,-67,65,-95,MCS7,56.6,0.895848,-67,65,-95,MCS7,54.1,0.878136,674.21,756.4353663793,851.36,32.8348524469,0,0
297,-67,65,-95,MCS7,57.2,0.896381,-67,65,-95,MCS7,48.9,0.879273,667.99,752.0265360825,829.62,31.1953995016,0,0
298,-67,65,-95,MCS7,54.1,0.897829,-67,65,-95,MCS7,51.2,0.880635,654.16,755.7914425428,856.88,33.2927961564,0,0
299,-89,5.5,-95,5.5M,2.2,0.61365,-88,5.5,-95,5.5M,2.5,0.769621,103.17,2436.2234615385,10380.96,2505.6209145968,2.15,0
300,-69,65,-95,MCS7,57.2,0.644748,-68,65,-95,MCS7,54.1,0.880753,609.47,727.741826484,821.92,47.7908041855,0,0
301,-68,65,-95,MCS7,56.6,0.781609,-67,65,-95,MCS7,54.1,0.880663,1.5,656.8408,883.04,210.3415800999,0.13,0
302,-68,65,-95,MCS7,57.2,0.902277,-67,65,-95,MCS7,55.6,0.874471,668.57,758.0172442589,962.27,35.7468466152,0,0
303,-70,65,-95,MCS7,50.3,0.883819,-71,65,-95,MCS7,51.8,0.852072,453.28,859.1335254989,1224.85,104.3484024496,0,0
304,-68,65,-95,MCS7,55.6,0.881104,-66,65,-95,MCS7,54.9,0.850692,640.09,753.2933479212,848.48,31.6974531133,0,0
305,-67,65,-95,MCS7,56.9,0.886322,-67,65,-95,MCS7,52.1,0.844006,682.29,759.8713665944,864.43,32.5629947417,0,0
306,-68,65,-95,MCS7,57.2,0.888352,-67,65,-95,MCS7,50.8,0.852614,663.51,752.5232150313,836.05,31.5906523412,0,0
307,-67,65,-95,MCS7,56.9,0.891014,-66,65,-95,MCS7,54.1,0.869579,668.64,756.585619469,846.85,34.7720673081,0,0
308,-68,65,-95,MCS7,54.9,0.892388,-67,65,-95,MCS7,54.1,0.872073,648.18,778.579844098,1141.83,76.153466014,0,0
309,-71,58.5,-95,MCS6,44.4,0.8766,-72,58.5,-95,MCS6,46.5,0.815472,510.32,980.6846325167,1366.06,129.95261836,0,0
310,-68,65,-95,MCS7,56.9,0.871988,-67,65,-95,MCS7,54.1,0.866802,679.9,757.6928648649,889.25,32.3322108808,0,0
311,-67,65,-95,MCS7,56.9,0.895529,-67,65,-95,MCS7,54.1,0.871373,6.94,669.5919421488,856.6,190.3714543794,0.05,0
312,-67,65,-95,MCS7,55.3,0.897611,-67,65,-95,MCS7,51.4,0.88143,516.77,758.3638157895,989.97,38.944979795,0,0
313,-74,52,-95,MCS5,37.8,0.832893,-74,52,-95,MCS5,32.5,0.741405,730.26,1155.2341189427,1466.76,99.15643001,0,0
314,-67,65,-95,MCS7,56.9,0.832184,-67,65,-95,MCS7,52.9,0.705017,682.24,756.9649787234,849.18,31.9819184005,0,0
315,-67,65,-95,MCS7,56.9,0.894901,-67,65,-95,MCS7,54.1,0.735138,648.28,757.5205206074,845.43,33.5668419916,0,0
316,-67,65,-95,MCS7,56.9,0.895383,-66,65,-95,MCS7,50.5,0.876476,672.74,755.7080513919,872.66,33.0228315388,0,0
317,-66,65,-95,MCS7,57.2,0.895975,-66,65,-95,MCS7,54.1,0.878104,663.41,752.1794262295,863.58,31.1983346891,0,0
318,-67,65,-95,MCS7,57.2,0.89687,-67,65,-95,MCS7,49.2,0.87939,629.84,810.9804008439,2471.28,223.8754299957,0,0
319,-76,39,-95,MCS4,33.7,0.89683,-75,39,-95,MCS4,28.5,0.754312,700,1358.3970947368,1791.85,219.7084800653,0,0
320,-67,65,-95,MCS7,56.9,0.89512,-67,65,-95,MCS7,45.9,0.877518,680.41,754.7767191601,884.19,33.3080409529,0,0
321,-66,65,-95,MCS7,57.2,0.89673,-67,65,-95,MCS7,54.1,0.879114,1.5,655.7478899083,838.83,210.5144367212,0.09,0
322,-67,65,-95,MCS7,56.9,0.901268,-67,65,-95,MCS7,48.3,0.887369,659.45,753.4801502146,840.1,34.4681748618,0,0
323,-78,39,-95,MCS4,24.7,0.699175,-78,39,-95,MCS4,21.3,0.692874,550.89,1731.7517827869,2707.3,290.595893173,0.03,0
324,-67,65,-95,MCS7,56.9,0.703308,-67,65,-95,MCS7,53.4,0.882451,678.53,757.6603671706,865.79,32.9957212501,0,0
325,-67,65,-95,MCS7,56.9,0.895911,-67,65,-95,MCS7,54.1,0.882171,634.12,755.3069281046,845.83,31.9202037416,0,0
326,-67,65,-95,MCS7,56.1,0.896603,-67,65,-95,MCS7,54.1,0.882334,663.54,758.5360465116,853.16,32.510360993,0,0
327,-68,65,-95,MCS7,57.2,0.896865,-67,65,-95,MCS7,54.1,0.883109,645.8,748.4575298805,829.63,33.0654467503,0,0
328,-68,65,-95,MCS7,53.1,0.897775,-67,65,-95,MCS7,54.9,0.884207,680.98,885.8226106195,3545.51,462.3135342744,0.01,0
329,-82,26,-95,MCS3,16.7,0.725113,-82,26,-95,MCS3,19.5,0.26306,559.03,2269.826277666,3124.47,650.1655423475,0,0
330,-68,65,-95,MCS7,56.9,0.713715,-67,65,-95,MCS7,52.9,0.882939,662.47,750.4823797468,858.15,34.2741558451,0,0
331,-66,65,-95,MCS7,56.4,0.864105,-67,65,-95,MCS7,46.5,0.847913,1.62,655.7674008811,830.57,204.956534501,0.06,0
332,-67,65,-95,MCS7,57.2,0.900156,-67,65,-95,MCS7,52.9,0.876697,658.84,755.1466170213,870.64,35.4851633702,0,0
333,-85,19.5,-95,MCS2,13.8,0.735929,-84,19.5,-95,MCS2,14.3,0.680569,784.26,3099.0057268723,3975.14,369.4047877052,0,0
334,-67,65,-95,MCS7,56.9,0.738606,-66,65,-95,MCS7,53.8,0.830889,674.18,754.1504803493,1138.08,43.0646937553,0,0
335,-67,65,-95,MCS7,56.7,0.899699,-67,65,-95,MCS7,54.1,0.882586,658.11,753.5330736842,854.8,32.0290977415,0,0
336,-67,65,-95,MCS7,56.9,0.899706,-65,65,-95,MCS7,54.1,0.859536,510.51,753.169202454,948.92,38.6225759443,0,0
337,-68,65,-95,MCS7,56.9,0.899673,-67,65,-95,MCS7,54.1,0.884186,682.19,755.2980513919,844.72,30.5090289204,0,0
338,-68,65,-95,MCS7,56.9,0.899585,-67,65,-95,MCS7,54.1,0.885133,662,753.5973636364,850.33,31.7054011366,0,0
339,-86,6.5,-95,MCS0,5.6,0.877817,-85,13,-95,MCS1,4.8,0.714538,533.06,3927.607655914,9978.11,1696.579927477,0.88,0
340,-67,65,-95,MCS7,56.9,0.899267,-67,65,-95,MCS7,54.1,0.883828,667.35,755.4797486034,863.16,35.0898049017,0,0
341,-69,65,-95,MCS7,56.9,0.892936,-67,65,-95,MCS7,54.1,0.874104,1.58,657.4216901408,855.91,213.5140193327,0.06,0
342,-68,65,-95,MCS7,56.9,0.896497,-67,65,-95,MCS7,54.1,0.883736,669.17,756.6023515982,847.69,33.8372002023,0,0
343,-90,6.5,-95,MCS0,4.7,0.736776,-88,11,-95,11.0M,4.2,0.623789,717.91,6320.6341346154,14643.43,2955.8710543432,1.03,0
344,-68,65,-95,MCS7,57.2,0.73139,-67,65,-95,MCS7,54.1,0.604896,327.12,829.3042239686,8540.8,860.1016471677,0.36,0
345,-67,65,-95,MCS7,56.9,0.896285,-67,65,-95,MCS7,54.9,0.882743,661.24,753.1399784017,841.26,33.4326320106,0,0
346,-68,65,-95,MCS7,57.2,0.896983,-65,65,-95,MCS7,52.9,0.883287,664.39,753.9366272189,855.53,34.0649490143,0,0
347,-67,65,-95,MCS7,56.9,0.897369,-67,65,-95,MCS7,54.9,0.884103,629.56,755.5955130785,875.22,35.7965319941,0,0
348,-67,65,-95,MCS7,55.3,0.897516,-67,65,-95,MCS7,54.1,0.884011,397.47,756.3028738318,1018,46.5137702544,0,0
349,-90,5.5,-95,5.5M,2.4,0.606098,-90,5.5,-95,5.5M,2.7,0.774307,164.66,5435.7425258799,24607.22,4803.4608563579,1.87,0
350,-67,65,-95,MCS7,57.2,0.625383,-67,65,-95,MCS7,2.8,0.787059,590.75,737.1539013453,857.59,50.993001881,0,0
351,-66,65,-95,MCS7,56.9,0.894959,-67,65,-95,MCS7,54.1,0.87786,1.51,637.0995258621,867.05,231.5830568594,0.1,0
352,-68,65,-95,MCS7,56.9,0.899124,-66,65,-95,MCS7,54.9,0.886601,666.8,753.2587061404,860.95,33.5675918117,0,0
353,-70,65,-95,MCS7,49.5,0.886127,-69,58.5,-95,MCS6,47.4,0.834668,369.45,855.4498423423,1264.61,90.7032549041,0,0
354,-68,65,-95,MCS7,56.3,0.880889,-67,65,-95,MCS7,54.1,0.861334,652.62,754.0428111588,845.18,32.9195885506,0,0
355,-67,65,-95,MCS7,57.2,0.885687,-67,65,-95,MCS7,54.1,0.868807,657.12,752.2190561798,869.42,32.0161388939,0,0
356,-67,65,-95,MCS7,56.6,0.888948,-67,65,-95,MCS7,54.9,0.854235,651.54,755.7106290672,833.45,32.3017333879,0,0
357,-69,65,-95,MCS7,56.9,0.890554,-67,65,-95,MCS7,52.9,0.874043,669.2,755.6256884876,873.81,33.7347809099,0,0
358,-67,65,-95,MCS7,56.9,0.891742,-67,65,-95,MCS7,54.1,0.875747,651.51,773.2200214133,1249.88,74.9296445982,0,0
359,-71,58.5,-95,MCS6,46.3,0.871887,-71,52,-95,MCS5,41.9,0.804997,686.68,990.6913406593,1542.01,114.6284988238,0,0
360,-67,65,-95,MCS7,57.2,0.867435,-67,65,-95,MCS7,48.6,0.868582,613.64,755.0488481675,843.91,34.9486135526,0,0
361,-68,65,-95,MCS7,56.7,0.899353,-67,65,-95,MCS7,54.1,0.880753,1.44,652.3484009547,842.09,220.397903783,0.09,0
362,-68,65,-95,MCS7,56.9,0.898225,-67,65,-95,MCS7,54.9,0.876158,595.51,756.201,1041.93,41.1889761293,0,0
363,-73,52,-95,MCS5,42.1,0.829556,-73,52,-95,MCS5,32.5,0.750271,744.77,1163.9038253638,1461.82,98.5290451215,0,0
364,-67,65,-95,MCS7,56.3,0.827684,-67,65,-95,MCS7,54.9,0.867506,670.11,761.6678241758,923.3,35.4283885533,0,0
365,-67,65,-95,MCS7,56.9,0.895085,-66,65,-95,MCS7,49.8,0.870673,674.51,756.7999339207,854.86,33.1531652995,0,0
366,-67,65,-95,MCS7,56.9,0.895824,-66,65,-95,MCS7,50.3,0.872883,667.55,755.1031506849,861.39,33.1429122244,0,0
367,-67,65,-95,MCS7,54.7,0.896477,-67,65,-95,MCS7,54,0.873946,671.69,758.493499044,856.67,32.0653750731,0,0
368,-67,65,-95,MCS7,56.9,0.897068,-67,65,-95,MCS7,54,0.875563,578.56,803.8444635193,2377.41,214.7934835306,0.02,0
369,-76,39,-95,MCS4,33.2,0.897402,-77,39,-95,MCS4,31.4,0.711427,699.78,1351.0654274354,2053.42,232.1417569766,0,0
370,-67,65,-95,MCS7,56.9,0.895904,-66,65,-95,MCS7,48.8,0.87566,667.1,756.3373113208,849.36,32.0988939346,0,0
371,-67,65,-95,MCS7,56.9,0.89673,-68,65,-95,MCS7,54.9,0.867065,1.26,625.9307834101,845.18,239.5235858437,0.07,0
372,-68,65,-95,MCS7,56.9,0.899476,-67,65,-95,MCS7,49.8,0.880924,667.63,755.1381237911,837.03,32.7020445915,0,0
373,-78,39,-95,MCS4,24.1,0.689442,-79,26,-95,MCS3,17.2,0.663977,696.39,1796.1698206278,2438.23,281.1133700583,0,0
374,-67,65,-95,MCS7,24.2,0.6881,-68,65,-95,MCS7,54.1,0.878912,674.67,757.2991666667,850.9,32.9753582829,0,0
375,-67,65,-95,MCS7,56.9,0.896767,-68,65,-95,MCS7,54.1,0.879215,661.45,756.397106383,853.42,34.6275441116,0,0
376,-67,65,-95,MCS7,56.9,0.897468,-65,65,-95,MCS7,53.4,0.880779,668.13,756.1582463466,869.51,33.0449505182,0,0
377,-67,65,-95,MCS7,56.9,0.897887,-67,65,-95,MCS7,53.1,0.881169,666.39,755.3281165049,850.11,33.2879875495,0,0
378,-67,65,-95,MCS7,57.2,0.898025,-65,65,-95,MCS7,51.5,0.881632,432.55,817.5950790068,3856.72,350.6346101936,0.24,0
379,-82,19.5,-95,MCS2,16.7,0.807251,-82,19.5,-95,MCS2,16.6,0.224961,679.33,2232.9976294821,3158.01,639.6989200676,0,0
380,-68,65,-95,MCS7,57.2,0.897192,-67,65,-95,MCS7,54.1,0.879318,654.92,756.6364751958,862.89,36.6126822946,0,0
381,-67,65,-95,MCS7,54.6,0.898275,-68,65,-95,MCS7,54.1,0.868434,1.52,638.081744186,871.22,227.1344895164,0.03,0
382,-67,65,-95,MCS7,52.9,0.901525,-68,65,-95,MCS7,49.2,0.88062,676.09,758.351257732,872.96,33.7012521757,0,0
383,-84,19.5,-95,MCS2,11.7,0.693857,-83,19.5,-95,MCS2,10,0.689216,691.14,2724.7012383178,3983.63,525.6329919757,0.23,0
384,-67,65,-95,MCS7,12.9,0.719828,-67,65,-95,MCS7,9.1,0.784044,650.55,865.4044748858,3512.84,487.6057529357,0,0
385,-67,65,-95,MCS7,56.7,0.897964,-68,65,-95,MCS7,54.9,0.877223,653.76,760.2554545455,868.4,33.8499081398,0,0
386,-67,65,-95,MCS7,56.9,0.898187,-65,65,-95,MCS7,52.4,0.877447,653.92,755.3873036093,857.27,33.6907087079,0,0
387,-67,65,-95,MCS7,56.9,0.898314,-65,65,-95,MCS7,50.8,0.878089,658.54,758.0738445378,869.57,34.4441197572,0,0
388,-67,65,-95,MCS7,55,0.898523,-68,65,-95,MCS7,49.5,0.878404,673.41,756.9463452915,847.4,33.3359179076,0,0
389,-87,6.5,-95,MCS0,5.6,0.810811,-87,13,-95,MCS1,5.1,0.713002,515.38,4707.3257708333,9434.64,2051.1400627281,0.49,0
390,-67,65,-95,MCS7,56.9,0.89818,-87,65,-95,MCS7,8.2,0.686807,611.73,747.6638069705,828.37,32.5387459611,0,0
391,-67,65,-95,MCS7,56.3,0.9017,-68,65,-95,MCS7,54.1,0.854208,1.42,632.1534161491,864.2,237.0611240965,0.12,0
392,-67,65,-95,MCS7,53.8,0.897931,-66,65,-95,MCS7,54.9,0.882334,674.45,761.1687860082,851.76,33.7262161276,0,0
393,-89,6.5,-95,MCS0,4.2,0.710337,-87,6.5,-95,MCS0,3.3,0.575472,743.69,7826.8089296636,15737.68,3115.4944419741,0.95,0
394,-67,65,-95,MCS7,56.9,0.702171,-65,65,-95,MCS7,41.9,0.87989,293.64,923.8497924528,6215.78,806.9183406924,0,0
395,-67,65,-95,MCS7,56.9,0.898473,-67,65,-95,MCS7,54.6,0.88017,669.19,758.0240909091,866.64,34.4894362166,0,0
396,-68,65,-95,MCS7,56.9,0.89827,-66,65,-95,MCS7,52.9,0.880419,660.35,753.4217970402,837.78,32.1337126181,0,0
397,-67,65,-95,MCS7,56.9,0.898302,-67,65,-95,MCS7,54.1,0.880445,650.8,756.2693453725,852.07,34.063429617,0,0
398,-68,65,-95,MCS7,56.9,0.898357,-65,65,-95,MCS7,50.9,0.880611,665.34,756.3879115479,859.66,34.634154562,0,0
399,-89,5.5,-95,5.5M,1.9,0.698379,-90,5.5,-95,5.5M,2.7,0.493333,306.55,9985.2340641711,28515.76,9609.0490233185,2.49,0
400,-67,65,-95,MCS7,56.9,0.68195,-68,65,-95,MCS7,47.6,0.878999,488,633.3854681648,817.15,78.3222022807,0,0
401,-67,65,-95,MCS7,57.2,0.898988,-67,65,-95,MCS7,48,0.839433,1.32,654.263793911,889.27,220.9297218874,0.09,0
402,-67,65,-95,MCS7,56.6,0.900242,-67,65,-95,MCS7,54.9,0.841863,646.63,754.373059867,878.06,36.0444507471,0,0
403,-68,58.5,-95,MCS6,48.9,0.892736,-68,65,-95,MCS7,48.9,0.84219,452.12,866.5347121535,1140.12,69.1130450673,0,0
404,-68,65,-95,MCS7,56.9,0.886509,-67,65,-95,MCS7,54.1,0.839713,660.58,760.0078603604,850.73,34.4486812032,0,0
405,-67,65,-95,MCS7,56.9,0.889723,-67,65,-95,MCS7,54.1,0.85089,669.61,757.6678993435,843.45,33.670743808,0,0
406,-67,65,-95,MCS7,56.9,0.892041,-67,65,-95,MCS7,54.9,0.857816,657.83,758.7456118143,858.57,36.165949714,0,0
407,-68,65,-95,MCS7,51.7,0.893791,-67,65,-95,MCS7,54.1,0.861446,678.49,762.0981415929,854.01,32.255832526,0,0
408,-67,65,-95,MCS7,56.9,0.894153,-67,65,-95,MCS7,54.9,0.863159,670.42,781.8668141593,1194.39,79.2683924417,0,0
409,-72,52,-95,MCS5,44.5,0.884442,-71,52,-95,MCS5,43.6,0.809134,301.13,1001.3319396552,1806.16,148.1087958651,0,0
410,-69,65,-95,MCS7,56.9,0.87342,-65,65,-95,MCS7,54.1,0.857698,659.77,757.3991666667,882.96,34.2257225824,0,0
411,-68,65,-95,MCS7,56.9,0.895691,-67,65,-95,MCS7,54.1,0.847377,1.62,654.9674444444,869.84,214.9935993991,0.15,0
412,-67,65,-95,MCS7,56.9,0.899764,-68,65,-95,MCS7,51.8,0.869313,630.36,756.4757623318,905.27,35.9221100548,0,0
413,-74,52,-95,MCS5,39,0.812123,-74,52,-95,MCS5,38.7,0.735139,727.86,1193.0324215247,1543.68,104.6485326063,0,0
414,-67,65,-95,MCS7,56.9,0.814433,-65,65,-95,MCS7,54.1,0.742239,554.08,758.9982952183,861.39,36.1635395118,0,0
415,-67,65,-95,MCS7,54.6,0.896443,-68,65,-95,MCS7,54.1,0.865166,665.14,759.816612529,884.87,34.0184475699,0,0
416,-67,65,-95,MCS7,56.9,0.896177,-68,65,-95,MCS7,48.6,0.770344,553.15,756.4493563218,841.76,36.3332262749,0,0
417,-67,65,-95,MCS7,56.9,0.896871,-67,65,-95,MCS7,51.2,0.871511,669.16,753.8827272727,852.07,33.9382907827,0,0
418,-68,65,-95,MCS7,56.3,0.898109,-68,65,-95,MCS7,50.8,0.873837,552.6,781.8703694581,2343.39,163.1654758247,0.11,0
419,-76,39,-95,MCS4,33.7,0.898177,-76,39,-95,MCS4,29.4,0.699704,651.74,1347.6571919192,1999.72,251.0902153861,0,0
420,-68,65,-95,MCS7,56.9,0.896526,-68,65,-95,MCS7,54.9,0.74772,654.77,757.3369333333,955.14,37.1487316454,0,0
421,-69,65,-95,MCS7,56.9,0.903743,-68,65,-95,MCS7,48,0.834238,1.61,664.1438461538,1032.22,209.0541305849,0.16,0
422,-67,65,-95,MCS7,53.5,0.902355,-67,65,-95,MCS7,48.3,0.834878,668.81,758.2341008772,856.01,35.0102844549,0,0
423,-79,26,-95,MCS3,22.4,0.610342,-79,39,-95,MCS4,23.1,0.677966,695.1,1979.1368763558,2461.18,193.3908329963,0,0
424,-67,65,-95,MCS7,57.2,0.607019,-68,65,-95,MCS7,27.1,0.679245,657.92,765.4159221311,1486.97,82.7861321441,0,0
425,-67,65,-95,MCS7,56.9,0.8982,-67,65,-95,MCS7,54.1,0.861587,678.3,763.1830866808,848.36,32.431055005,0,0
426,-67,65,-95,MCS7,56.9,0.897421,-67,65,-95,MCS7,50.5,0.865323,674.11,756.3311136364,864.92,34.1912165008,0,0
427,-67,65,-95,MCS7,56.9,0.897548,-67,65,-95,MCS7,54.1,0.867838,676.59,757.952787234,853.62,33.1739493171,0,0
428,-67,65,-95,MCS7,56.9,0.898006,-65,65,-95,MCS7,54.1,0.87023,290.52,787.3979372197,3692.96,330.9762300371,0.27,0
429,-82,19.5,-95,MCS2,16.7,0.897969,-82,19.5,-95,MCS2,16.1,0.726621,508.47,1892.5787056367,2972.92,756.5517636149,0,0
430,-68,65,-95,MCS7,56.9,0.897008,-68,65,-95,MCS7,54.1,0.708926,690.2,761.813538874,853.98,32.555575717,0,0
431,-66,65,-95,MCS7,56.9,0.896,-67,65,-95,MCS7,54.1,0.85046,1.54,659.058812095,1146.66,219.2486668006,0.09,0
432,-67,65,-95,MCS7,56.9,0.900698,-67,65,-95,MCS7,54.9,0.87809,668.43,754.1992626728,841.39,33.8049199976,0,0
433,-85,13,-95,MCS1,10.5,0.668687,-86,13,-95,MCS2,10.6,0.685576,643.2,3405.3715417559,4521.43,850.5426190721,0.04,0
434,-68,65,-95,MCS7,56.9,0.897461,-68,65,-95,MCS7,50.6,0.874117,682.52,755.6636811024,847.29,32.1907778162,0,0
435,-68,65,-95,MCS7,54.9,0.897136,-68,65,-95,MCS7,54.1,0.866825,685.09,758.5362385321,855.74,33.8843272487,0,0
436,-67,65,-95,MCS7,56.9,0.897322,-68,65,-95,MCS7,54.1,0.87613,598.1,755.2577253219,895.62,35.3090245242,0,0
437,-67,65,-95,MCS7,57.2,0.898081,-66,65,-95,MCS7,54.1,0.871963,522.38,759.0293873085,1013.62,47.3699588769,0,0
438,-68,65,-95,MCS7,56.9,0.898987,-67,65,-95,MCS7,51.2,0.870354,471.1,1340.1775764706,8221.6,1662.2354823243,0.01,0
439,-87,6.5,-95,MCS0,5.6,0.899503,-86,13,-95,MCS1,7.1,0.673836,481.07,5278.4627562642,8667.77,2330.8128023053,0.43,0
440,-67,65,-95,MCS7,57.2,0.899102,-66,65,-95,MCS7,54.1,0.869966,678.37,752.8649726776,847.72,31.8943599837,0,0
441,-68,65,-95,MCS7,35,0.889315,-67,65,-95,MCS7,54.1,0.880903,38.59,676.1185336049,858.46,194.0823777362,0.1,0
442,-68,65,-95,MCS7,56.1,0.894294,-67,65,-95,MCS7,54.1,0.866429,638.51,757.9079084967,976.4,36.4604200177,0,0
443,-88,5.5,-95,5.5M,3.5,0.856867,-88,11,-95,11.0M,3.6,0.550918,146.78,3663.127084399,13905.66,2766.617116099,0.72,0
444,-67,65,-95,MCS7,56.9,0.868756,-67,65,-95,MCS7,54.3,0.868941,336.5,716.6598962656,841.46,84.1595704192,0,0
445,-68,65,-95,MCS7,56.6,0.897368,-67,65,-95,MCS7,54.9,0.871212,681.98,761.1202922756,871.13,34.3992110763,0,0
446,-68,65,-95,MCS7,54.4,0.897831,-66,65,-95,MCS7,54.9,0.871884,654.87,757.5945606695,852.63,34.7369054964,0,0
447,-67,65,-95,MCS7,57.2,0.897429,-67,65,-95,MCS7,47.4,0.868667,620.74,754.3160731707,857.41,35.7692876838,0,0
448,-68,65,-95,MCS7,56.9,0.898415,-67,65,-95,MCS7,51.2,0.869174,660.5,756.082,847.39,32.8384557566,0,0
449,-88,5.5,-95,5.5M,1.8,0.74982,-90,5.5,-95,5.5M,2.5,0.820312,208.23,7372.2440669857,30988.05,9115.2741552406,1.9,0
450,-68,65,-95,MCS7,56.9,0.737976,-66,65,-95,MCS7,49.2,0.865173,319.78,543.7510357143,803.03,94.2493395202,0,0
451,-67,65,-95,MCS7,53.4,0.882677,-68,65,-95,MCS7,48.8,0.854502,1.63,656.3828444444,896.88,204.6266536368,0.06,0
452,-68,65,-95,MCS7,56.9,0.900631,-68,65,-95,MCS7,54.9,0.863026,360.49,758.5988744589,1352.42,71.4132003909,0,0
453,-71,58.5,-95,MCS6,48.8,0.887247,-67,65,-95,MCS7,45.7,0.848771,378.04,870.1197684211,1366.15,99.6670439759,0,0
454,-67,65,-95,MCS7,56.9,0.884175,-67,65,-95,MCS7,53.4,0.842839,632.32,758.6835820896,948.58,37.8965718412,0,0
455,-68,65,-95,MCS7,56.9,0.887586,-68,65,-95,MCS7,54.1,0.852755,662.8,752.6550528541,870.72,32.8491364094,0,0
456,-68,65,-95,MCS7,56.9,0.890267,-65,65,-95,MCS7,55.6,0.85864,666.54,757.3617409766,840.94,32.3153306736,0,0
457,-68,65,-95,MCS7,55.6,0.891806,-67,65,-95,MCS7,51.2,0.862522,662.3,756.2189777778,854.95,34.0927890756,0,0
458,-68,65,-95,MCS7,56.9,0.892586,-69,65,-95,MCS7,55.6,0.858151,468.07,765.8745869565,1242.28,76.858258709,0,0
459,-70,58.5,-95,MCS6,44.5,0.882844,-71,58.5,-95,MCS6,39,0.818349,438.07,993.644829932,1383.41,117.733094431,0,0
460,-68,65,-95,MCS7,56.9,0.893076,-68,65,-95,MCS7,42.8,0.814653,659.01,752.4949035813,860.83,34.4168607244,0,0
461,-67,65,-95,MCS7,54.3,0.897995,-67,65,-95,MCS7,52.3,0.873954,1.14,655.1305429864,878.17,213.9699993596,0.12,0
462,-67,65,-95,MCS7,56.9,0.899263,-67,65,-95,MCS7,54.1,0.886016,671.07,754.3740513834,1075.89,34.4014235847,0,0
463,-74,52,-95,MCS5,39.2,0.823269,-72,52,-95,MCS5,32.6,0.729206,727.51,1170.5304967603,1588.96,119.0617817968,0,0
464,-68,65,-95,MCS7,57.2,0.825777,-66,65,-95,MCS7,53.7,0.881019,671.21,755.1305030181,862.94,33.2279218655,0,0
465,-68,65,-95,MCS7,56.9,0.896171,-68,65,-95,MCS7,49.8,0.728042,667.54,755.0060859189,874.65,32.6293232098,0,0
466,-67,65,-95,MCS7,56.9,0.89697,-67,65,-95,MCS7,47.6,0.745362,671.93,757.9975983437,845.38,32.1705101582,0,0
467,-67,65,-95,MCS7,56.6,0.897151,-67,65,-95,MCS7,51.5,0.879419,619.75,758.8829534884,1104.25,45.1794544875,0,0
468,-67,65,-95,MCS7,57.2,0.897434,-67,65,-95,MCS7,49.1,0.87918,671.07,828.3953828306,2130.51,226.8930462067,0,0
469,-76,39,-95,MCS4,32.3,0.897721,-75,39,-95,MCS4,20.5,0.706049,705.54,1366.5082365145,1789.25,216.2635685571,0,0
470,-67,65,-95,MCS7,33.7,0.896092,-68,65,-95,MCS7,54.1,0.794563,663.65,757.1521179625,847.64,34.3938766928,0,0
471,-67,65,-95,MCS7,56.9,0.897573,-67,65,-95,MCS7,54.1,0.855484,1.45,641.8644375,845.92,226.4875427252,0.09,0
472,-67,65,-95,MCS7,57.2,0.898226,-67,65,-95,MCS7,50.5,0.873271,684.98,760.1155645161,854.78,32.6315526741,0,0
473,-78,39,-95,MCS4,22.4,0.660023,-78,39,-95,MCS4,24.5,0.67366,713.38,1910.1121290323,2576.86,256.2665125845,0,0
474,-67,65,-95,MCS7,22.4,0.893458,-68,65,-95,MCS7,27.4,0.677687,643.03,785.4287576375,2280.34,160.5466054061,0,0
475,-68,65,-95,MCS7,54.4,0.894001,-67,65,-95,MCS7,54.1,0.870189,675.42,756.9305714286,872.98,33.8654498399,0,0
476,-68,65,-95,MCS7,55.2,0.895923,-66,65,-95,MCS7,53.2,0.872358,664.88,753.3079454927,843.41,32.9745968607,0,0
477,-67,65,-95,MCS7,56.9,0.896865,-67,65,-95,MCS7,54.1,0.87409,657.89,757.0706903766,866.28,34.2152190278,0,0
478,-68,65,-95,MCS7,56.9,0.897268,-65,65,-95,MCS7,54.1,0.874784,652.93,849.8694050343,3589.96,421.9793652249,0,0
479,-82,19.5,-95,MCS2,16.7,0.875577,-81,19.5,-95,MCS2,16.3,0.718761,686.53,2378.8864666667,3090.49,609.8150209959,0.01,0
480,-67,65,-95,MCS7,57.2,0.896493,-68,65,-95,MCS7,54.1,0.87382,454.15,754.3056712329,973.67,44.0384086956,0,0
481,-68,65,-95,MCS7,54.9,0.899807,-67,65,-95,MCS7,48.9,0.830083,1.61,647.1885744681,869.66,228.9175385292,0.07,0
482,-67,65,-95,MCS7,56.9,0.89802,-67,65,-95,MCS7,54.1,0.852701,628.6,753.9248344371,844.07,34.5862150541,0,0
483,-84,19.5,-95,MCS2,13.8,0.70655,-85,19.5,-95,MCS2,11.4,0.697025,705.94,3006.5408541667,4398.52,729.7390407356,0.13,0
484,-67,65,-95,MCS7,56.9,0.71812,-66,65,-95,MCS7,52.7,0.864376,652.05,753.1945744681,857.97,32.2913003193,0,0
485,-68,65,-95,MCS7,56.9,0.897913,-65,65,-95,MCS7,54.1,0.867806,678.28,759.0916293279,851.35,32.6828567673,0,0
486,-67,65,-95,MCS7,57.2,0.89848,-67,65,-95,MCS7,48.9,0.870057,643.13,754.7846993318,850.92,33.9055336682,0,0
487,-68,65,-95,MCS7,56.9,0.898912,-65,65,-95,MCS7,54.9,0.87183,675.02,756.5294117647,863.07,34.0937293585,0,0
488,-68,65,-95,MCS7,56.9,0.898938,-66,65,-95,MCS7,54.1,0.872883,667.4,843.9374874372,8857.06,809.5117739937,0.01,0
489,-87,6.5,-95,MCS1,5.6,0.61783,-87,13,-95,MCS1,6.7,0.693472,691.26,5261.0649718574,10203.94,2209.6878960082,0.13,0
490,-67,65,-95,MCS7,57.2,0.606098,-67,65,-95,MCS7,49.4,0.857348,660.33,757.9782507289,856.65,33.0612581333,0,0
491,-68,65,-95,MCS7,56.9,0.893703,-67,65,-95,MCS7,48.9,0.868217,1.62,645.6389955357,989.54,223.7819754788,0.08,0
492,-68,65,-95,MCS7,57.2,0.894069,-68,65,-95,MCS7,54.9,0.869602,534.15,758.9946466809,916.8,39.712707264,0,0
493,-88,5.5,-95,5.5M,3.5,0.626543,-89,6.5,-95,11.0M,3.6,0.543877,561.21,8453.6323908524,14608.49,4087.9558035534,0.25,0
494,-69,65,-95,MCS7,57.2,0.695463,-68,65,-95,MCS7,53.1,0.864691,652.12,760.2145020747,885.61,34.7889790858,0,0
495,-69,65,-95,MCS7,57.2,0.897138,-67,65,-95,MCS7,49.1,0.867897,660.64,755.3063516484,855.31,33.6317461273,0,0
496,-67,65,-95,MCS7,56.9,0.897362,-66,65,-95,MCS7,48.3,0.860608,665.27,759.5131590414,867.45,35.8825979549,0,0
497,-68,65,-95,MCS7,57.2,0.897865,-67,65,-95,MCS7,51.5,0.86894,608.66,754.9556756757,840.03,34.145115521,0,0
498,-68,65,-95,MCS7,54.3,0.897878,-65,65,-95,MCS7,48.3,0.870581,676.78,810.3519647355,10770.52,707.2759819259,0.01,0
499,-90,5.5,-95,5.5M,2.5,0.702303,-89,5.5,-95,5.5M,2.4,0.791524,219.5,9447.7035145631,27235.86,8386.2272636543,1.28,0
500,-67,65,-95,MCS7,56.9,0.897979,-67,65,-95,MCS7,54.1,0.866655,409.03,727.1839857651,1071.25,82.4266463786,0,0
